<?xml version="1.0" encoding="UTF-8"?>

<!-- generated on seg 17 dez 2018 19:17:58 -02 by Netedit Version 0.32.0
<?xml version="1.0" encoding="UTF-8"?>

<configuration xmlns:xsi="http://www.w3.org/2001/XMLSchema-instance" xsi:noNamespaceSchemaLocation="http://sumo.dlr.de/xsd/netconvertConfiguration.xsd">

    <input>
        <sumo-net-file value="nets/4x4-Lucas/4x4.net.xml"/>
    </input>

    <output>
        <output-file value="nets/4x4-Lucas/4x4.net.xml"/>
    </output>

    <processing>
        <no-turnarounds value="true"/>
        <offset.disable-normalization value="true"/>
        <lefthand value="false"/>
        <junctions.corner-detail value="0"/>
        <rectangular-lane-cut value="false"/>
        <walkingareas value="false"/>
    </processing>

</configuration>
-->

<net version="0.27" xmlns:xsi="http://www.w3.org/2001/XMLSchema-instance" xsi:noNamespaceSchemaLocation="http://sumo.dlr.de/xsd/net_file.xsd">

    <location netOffset="-1850.00,-2900.00" convBoundary="0.00,0.00,750.00,750.00" origBoundary="1850.00,2900.00,2600.00,3650.00" projParameter="!"/>

    <edge id=":0_0" function="internal">
        <lane id=":0_0_0" index="0" speed="13.90" length="9.50" shape="145.05,601.45 145.05,591.95"/>
        <lane id=":0_0_1" index="1" speed="13.90" length="9.50" shape="148.35,601.45 148.35,591.95"/>
    </edge>
    <edge id=":0_2" function="internal">
        <lane id=":0_2_0" index="0" speed="13.90" length="5.00" shape="148.35,601.45 148.54,600.09 149.12,599.12 150.09,598.54 151.45,598.35"/>
    </edge>
    <edge id=":0_3" function="internal">
        <lane id=":0_3_0" index="0" speed="13.90" length="5.00" shape="141.95,595.05 143.31,594.86 144.28,594.27 144.86,593.31 145.05,591.95"/>
    </edge>
    <edge id=":0_4" function="internal">
        <lane id=":0_4_0" index="0" speed="13.90" length="9.50" shape="141.95,595.05 151.45,595.05"/>
        <lane id=":0_4_1" index="1" speed="13.90" length="9.50" shape="141.95,598.35 151.45,598.35"/>
    </edge>
    <edge id=":1_0" function="internal">
        <lane id=":1_0_0" index="0" speed="13.90" length="9.50" shape="295.05,601.45 295.05,591.95"/>
        <lane id=":1_0_1" index="1" speed="13.90" length="9.50" shape="298.35,601.45 298.35,591.95"/>
    </edge>
    <edge id=":1_2" function="internal">
        <lane id=":1_2_0" index="0" speed="13.90" length="5.00" shape="298.35,601.45 298.54,600.09 299.12,599.12 300.09,598.54 301.45,598.35"/>
    </edge>
    <edge id=":1_3" function="internal">
        <lane id=":1_3_0" index="0" speed="13.90" length="5.00" shape="291.95,595.05 293.31,594.86 294.27,594.27 294.86,593.31 295.05,591.95"/>
    </edge>
    <edge id=":1_4" function="internal">
        <lane id=":1_4_0" index="0" speed="13.90" length="9.50" shape="291.95,595.05 301.45,595.05"/>
        <lane id=":1_4_1" index="1" speed="13.90" length="9.50" shape="291.95,598.35 301.45,598.35"/>
    </edge>
    <edge id=":10_0" function="internal">
        <lane id=":10_0_0" index="0" speed="13.90" length="9.50" shape="445.05,301.45 445.05,291.95"/>
        <lane id=":10_0_1" index="1" speed="13.90" length="9.50" shape="448.35,301.45 448.35,291.95"/>
    </edge>
    <edge id=":10_2" function="internal">
        <lane id=":10_2_0" index="0" speed="13.90" length="5.00" shape="448.35,301.45 448.54,300.09 449.13,299.12 450.09,298.54 451.45,298.35"/>
    </edge>
    <edge id=":10_3" function="internal">
        <lane id=":10_3_0" index="0" speed="13.90" length="5.00" shape="441.95,295.05 443.31,294.86 444.27,294.28 444.86,293.31 445.05,291.95"/>
    </edge>
    <edge id=":10_4" function="internal">
        <lane id=":10_4_0" index="0" speed="13.90" length="9.50" shape="441.95,295.05 451.45,295.05"/>
        <lane id=":10_4_1" index="1" speed="13.90" length="9.50" shape="441.95,298.35 451.45,298.35"/>
    </edge>
    <edge id=":11_0" function="internal">
        <lane id=":11_0_0" index="0" speed="13.90" length="9.50" shape="595.05,301.45 595.05,291.95"/>
        <lane id=":11_0_1" index="1" speed="13.90" length="9.50" shape="598.35,301.45 598.35,291.95"/>
    </edge>
    <edge id=":11_2" function="internal">
        <lane id=":11_2_0" index="0" speed="13.90" length="5.00" shape="598.35,301.45 598.54,300.09 599.12,299.12 600.09,298.54 601.45,298.35"/>
    </edge>
    <edge id=":11_3" function="internal">
        <lane id=":11_3_0" index="0" speed="13.90" length="5.00" shape="591.95,295.05 593.31,294.86 594.27,294.28 594.86,293.31 595.05,291.95"/>
    </edge>
    <edge id=":11_4" function="internal">
        <lane id=":11_4_0" index="0" speed="13.90" length="9.50" shape="591.95,295.05 601.45,295.05"/>
        <lane id=":11_4_1" index="1" speed="13.90" length="9.50" shape="591.95,298.35 601.45,298.35"/>
    </edge>
    <edge id=":12_0" function="internal">
        <lane id=":12_0_0" index="0" speed="13.90" length="9.50" shape="145.05,151.45 145.05,141.95"/>
        <lane id=":12_0_1" index="1" speed="13.90" length="9.50" shape="148.35,151.45 148.35,141.95"/>
    </edge>
    <edge id=":12_2" function="internal">
        <lane id=":12_2_0" index="0" speed="13.90" length="5.00" shape="148.35,151.45 148.54,150.09 149.12,149.12 150.09,148.54 151.45,148.35"/>
    </edge>
    <edge id=":12_3" function="internal">
        <lane id=":12_3_0" index="0" speed="13.90" length="5.00" shape="141.95,145.05 143.31,144.86 144.28,144.28 144.86,143.31 145.05,141.95"/>
    </edge>
    <edge id=":12_4" function="internal">
        <lane id=":12_4_0" index="0" speed="13.90" length="9.50" shape="141.95,145.05 151.45,145.05"/>
        <lane id=":12_4_1" index="1" speed="13.90" length="9.50" shape="141.95,148.35 151.45,148.35"/>
    </edge>
    <edge id=":13_0" function="internal">
        <lane id=":13_0_0" index="0" speed="13.90" length="9.50" shape="295.05,151.45 295.05,141.95"/>
        <lane id=":13_0_1" index="1" speed="13.90" length="9.50" shape="298.35,151.45 298.35,141.95"/>
    </edge>
    <edge id=":13_2" function="internal">
        <lane id=":13_2_0" index="0" speed="13.90" length="5.00" shape="298.35,151.45 298.54,150.09 299.12,149.12 300.09,148.54 301.45,148.35"/>
    </edge>
    <edge id=":13_3" function="internal">
        <lane id=":13_3_0" index="0" speed="13.90" length="5.00" shape="291.95,145.05 293.31,144.86 294.27,144.28 294.86,143.31 295.05,141.95"/>
    </edge>
    <edge id=":13_4" function="internal">
        <lane id=":13_4_0" index="0" speed="13.90" length="9.50" shape="291.95,145.05 301.45,145.05"/>
        <lane id=":13_4_1" index="1" speed="13.90" length="9.50" shape="291.95,148.35 301.45,148.35"/>
    </edge>
    <edge id=":14_0" function="internal">
        <lane id=":14_0_0" index="0" speed="13.90" length="9.50" shape="445.05,151.45 445.05,141.95"/>
        <lane id=":14_0_1" index="1" speed="13.90" length="9.50" shape="448.35,151.45 448.35,141.95"/>
    </edge>
    <edge id=":14_2" function="internal">
        <lane id=":14_2_0" index="0" speed="13.90" length="5.00" shape="448.35,151.45 448.54,150.09 449.13,149.12 450.09,148.54 451.45,148.35"/>
    </edge>
    <edge id=":14_3" function="internal">
        <lane id=":14_3_0" index="0" speed="13.90" length="5.00" shape="441.95,145.05 443.31,144.86 444.27,144.28 444.86,143.31 445.05,141.95"/>
    </edge>
    <edge id=":14_4" function="internal">
        <lane id=":14_4_0" index="0" speed="13.90" length="9.50" shape="441.95,145.05 451.45,145.05"/>
        <lane id=":14_4_1" index="1" speed="13.90" length="9.50" shape="441.95,148.35 451.45,148.35"/>
    </edge>
    <edge id=":15_0" function="internal">
        <lane id=":15_0_0" index="0" speed="13.90" length="9.50" shape="595.05,151.45 595.05,141.95"/>
        <lane id=":15_0_1" index="1" speed="13.90" length="9.50" shape="598.35,151.45 598.35,141.95"/>
    </edge>
    <edge id=":15_2" function="internal">
        <lane id=":15_2_0" index="0" speed="13.90" length="5.00" shape="598.35,151.45 598.54,150.09 599.12,149.12 600.09,148.54 601.45,148.35"/>
    </edge>
    <edge id=":15_3" function="internal">
        <lane id=":15_3_0" index="0" speed="13.90" length="5.00" shape="591.95,145.05 593.31,144.86 594.27,144.28 594.86,143.31 595.05,141.95"/>
    </edge>
    <edge id=":15_4" function="internal">
        <lane id=":15_4_0" index="0" speed="13.90" length="9.50" shape="591.95,145.05 601.45,145.05"/>
        <lane id=":15_4_1" index="1" speed="13.90" length="9.50" shape="591.95,148.35 601.45,148.35"/>
    </edge>
    <edge id=":2_0" function="internal">
        <lane id=":2_0_0" index="0" speed="13.90" length="9.50" shape="445.05,601.45 445.05,591.95"/>
        <lane id=":2_0_1" index="1" speed="13.90" length="9.50" shape="448.35,601.45 448.35,591.95"/>
    </edge>
    <edge id=":2_2" function="internal">
        <lane id=":2_2_0" index="0" speed="13.90" length="5.00" shape="448.35,601.45 448.54,600.09 449.13,599.12 450.09,598.54 451.45,598.35"/>
    </edge>
    <edge id=":2_3" function="internal">
        <lane id=":2_3_0" index="0" speed="13.90" length="5.00" shape="441.95,595.05 443.31,594.86 444.27,594.27 444.86,593.31 445.05,591.95"/>
    </edge>
    <edge id=":2_4" function="internal">
        <lane id=":2_4_0" index="0" speed="13.90" length="9.50" shape="441.95,595.05 451.45,595.05"/>
        <lane id=":2_4_1" index="1" speed="13.90" length="9.50" shape="441.95,598.35 451.45,598.35"/>
    </edge>
    <edge id=":3_0" function="internal">
        <lane id=":3_0_0" index="0" speed="13.90" length="9.50" shape="595.05,601.45 595.05,591.95"/>
        <lane id=":3_0_1" index="1" speed="13.90" length="9.50" shape="598.35,601.45 598.35,591.95"/>
    </edge>
    <edge id=":3_2" function="internal">
        <lane id=":3_2_0" index="0" speed="13.90" length="5.00" shape="598.35,601.45 598.54,600.09 599.12,599.12 600.09,598.54 601.45,598.35"/>
    </edge>
    <edge id=":3_3" function="internal">
        <lane id=":3_3_0" index="0" speed="13.90" length="5.00" shape="591.95,595.05 593.31,594.86 594.27,594.27 594.86,593.31 595.05,591.95"/>
    </edge>
    <edge id=":3_4" function="internal">
        <lane id=":3_4_0" index="0" speed="13.90" length="9.50" shape="591.95,595.05 601.45,595.05"/>
        <lane id=":3_4_1" index="1" speed="13.90" length="9.50" shape="591.95,598.35 601.45,598.35"/>
    </edge>
    <edge id=":4_0" function="internal">
        <lane id=":4_0_0" index="0" speed="13.90" length="9.50" shape="145.05,451.45 145.05,441.95"/>
        <lane id=":4_0_1" index="1" speed="13.90" length="9.50" shape="148.35,451.45 148.35,441.95"/>
    </edge>
    <edge id=":4_2" function="internal">
        <lane id=":4_2_0" index="0" speed="13.90" length="5.00" shape="148.35,451.45 148.54,450.09 149.12,449.12 150.09,448.54 151.45,448.35"/>
    </edge>
    <edge id=":4_3" function="internal">
        <lane id=":4_3_0" index="0" speed="13.90" length="5.00" shape="141.95,445.05 143.31,444.86 144.28,444.28 144.86,443.31 145.05,441.95"/>
    </edge>
    <edge id=":4_4" function="internal">
        <lane id=":4_4_0" index="0" speed="13.90" length="9.50" shape="141.95,445.05 151.45,445.05"/>
        <lane id=":4_4_1" index="1" speed="13.90" length="9.50" shape="141.95,448.35 151.45,448.35"/>
    </edge>
    <edge id=":5_0" function="internal">
        <lane id=":5_0_0" index="0" speed="13.90" length="9.50" shape="295.05,451.45 295.05,441.95"/>
        <lane id=":5_0_1" index="1" speed="13.90" length="9.50" shape="298.35,451.45 298.35,441.95"/>
    </edge>
    <edge id=":5_2" function="internal">
        <lane id=":5_2_0" index="0" speed="13.90" length="5.00" shape="298.35,451.45 298.54,450.09 299.12,449.12 300.09,448.54 301.45,448.35"/>
    </edge>
    <edge id=":5_3" function="internal">
        <lane id=":5_3_0" index="0" speed="13.90" length="5.00" shape="291.95,445.05 293.31,444.86 294.27,444.28 294.86,443.31 295.05,441.95"/>
    </edge>
    <edge id=":5_4" function="internal">
        <lane id=":5_4_0" index="0" speed="13.90" length="9.50" shape="291.95,445.05 301.45,445.05"/>
        <lane id=":5_4_1" index="1" speed="13.90" length="9.50" shape="291.95,448.35 301.45,448.35"/>
    </edge>
    <edge id=":6_0" function="internal">
        <lane id=":6_0_0" index="0" speed="13.90" length="9.50" shape="445.05,451.45 445.05,441.95"/>
        <lane id=":6_0_1" index="1" speed="13.90" length="9.50" shape="448.35,451.45 448.35,441.95"/>
    </edge>
    <edge id=":6_2" function="internal">
        <lane id=":6_2_0" index="0" speed="13.90" length="5.00" shape="448.35,451.45 448.54,450.09 449.13,449.12 450.09,448.54 451.45,448.35"/>
    </edge>
    <edge id=":6_3" function="internal">
        <lane id=":6_3_0" index="0" speed="13.90" length="5.00" shape="441.95,445.05 443.31,444.86 444.27,444.28 444.86,443.31 445.05,441.95"/>
    </edge>
    <edge id=":6_4" function="internal">
        <lane id=":6_4_0" index="0" speed="13.90" length="9.50" shape="441.95,445.05 451.45,445.05"/>
        <lane id=":6_4_1" index="1" speed="13.90" length="9.50" shape="441.95,448.35 451.45,448.35"/>
    </edge>
    <edge id=":7_0" function="internal">
        <lane id=":7_0_0" index="0" speed="13.90" length="9.50" shape="595.05,451.45 595.05,441.95"/>
        <lane id=":7_0_1" index="1" speed="13.90" length="9.50" shape="598.35,451.45 598.35,441.95"/>
    </edge>
    <edge id=":7_2" function="internal">
        <lane id=":7_2_0" index="0" speed="13.90" length="5.00" shape="598.35,451.45 598.54,450.09 599.12,449.12 600.09,448.54 601.45,448.35"/>
    </edge>
    <edge id=":7_3" function="internal">
        <lane id=":7_3_0" index="0" speed="13.90" length="5.00" shape="591.95,445.05 593.31,444.86 594.27,444.28 594.86,443.31 595.05,441.95"/>
    </edge>
    <edge id=":7_4" function="internal">
        <lane id=":7_4_0" index="0" speed="13.90" length="9.50" shape="591.95,445.05 601.45,445.05"/>
        <lane id=":7_4_1" index="1" speed="13.90" length="9.50" shape="591.95,448.35 601.45,448.35"/>
    </edge>
    <edge id=":8_0" function="internal">
        <lane id=":8_0_0" index="0" speed="13.90" length="9.50" shape="145.05,301.45 145.05,291.95"/>
        <lane id=":8_0_1" index="1" speed="13.90" length="9.50" shape="148.35,301.45 148.35,291.95"/>
    </edge>
    <edge id=":8_2" function="internal">
        <lane id=":8_2_0" index="0" speed="13.90" length="5.00" shape="148.35,301.45 148.54,300.09 149.12,299.12 150.09,298.54 151.45,298.35"/>
    </edge>
    <edge id=":8_3" function="internal">
        <lane id=":8_3_0" index="0" speed="13.90" length="5.00" shape="141.95,295.05 143.31,294.86 144.28,294.28 144.86,293.31 145.05,291.95"/>
    </edge>
    <edge id=":8_4" function="internal">
        <lane id=":8_4_0" index="0" speed="13.90" length="9.50" shape="141.95,295.05 151.45,295.05"/>
        <lane id=":8_4_1" index="1" speed="13.90" length="9.50" shape="141.95,298.35 151.45,298.35"/>
    </edge>
    <edge id=":9_0" function="internal">
        <lane id=":9_0_0" index="0" speed="13.90" length="9.50" shape="295.05,301.45 295.05,291.95"/>
        <lane id=":9_0_1" index="1" speed="13.90" length="9.50" shape="298.35,301.45 298.35,291.95"/>
    </edge>
    <edge id=":9_2" function="internal">
        <lane id=":9_2_0" index="0" speed="13.90" length="5.00" shape="298.35,301.45 298.54,300.09 299.12,299.12 300.09,298.54 301.45,298.35"/>
    </edge>
    <edge id=":9_3" function="internal">
        <lane id=":9_3_0" index="0" speed="13.90" length="5.00" shape="291.95,295.05 293.31,294.86 294.27,294.28 294.86,293.31 295.05,291.95"/>
    </edge>
    <edge id=":9_4" function="internal">
        <lane id=":9_4_0" index="0" speed="13.90" length="9.50" shape="291.95,295.05 301.45,295.05"/>
        <lane id=":9_4_1" index="1" speed="13.90" length="9.50" shape="291.95,298.35 301.45,298.35"/>
    </edge>

    <edge id="0to1" from="0" to="1" priority="-1">
        <lane id="0to1_0" index="0" speed="13.90" length="140.50" shape="151.45,595.05 291.95,595.05"/>
        <lane id="0to1_1" index="1" speed="13.90" length="140.50" shape="151.45,598.35 291.95,598.35"/>
    </edge>
    <edge id="0to4" from="0" to="4" priority="-1">
        <lane id="0to4_0" index="0" speed="13.90" length="140.50" shape="145.05,591.95 145.05,451.45"/>
        <lane id="0to4_1" index="1" speed="13.90" length="140.50" shape="148.35,591.95 148.35,451.45"/>
    </edge>
    <edge id="10to11" from="10" to="11" priority="-1">
        <lane id="10to11_0" index="0" speed="13.90" length="140.50" shape="451.45,295.05 591.95,295.05"/>
        <lane id="10to11_1" index="1" speed="13.90" length="140.50" shape="451.45,298.35 591.95,298.35"/>
    </edge>
    <edge id="10to14" from="10" to="14" priority="-1">
        <lane id="10to14_0" index="0" speed="13.90" length="140.50" shape="445.05,291.95 445.05,151.45"/>
        <lane id="10to14_1" index="1" speed="13.90" length="140.50" shape="448.35,291.95 448.35,151.45"/>
    </edge>
    <edge id="11to15" from="11" to="15" priority="-1">
        <lane id="11to15_0" index="0" speed="13.90" length="140.50" shape="595.05,291.95 595.05,151.45"/>
        <lane id="11to15_1" index="1" speed="13.90" length="140.50" shape="598.35,291.95 598.35,151.45"/>
    </edge>
    <edge id="11to30" from="11" to="30" priority="-1">
        <lane id="11to30_0" index="0" speed="13.90" length="148.55" shape="601.45,295.05 750.00,295.05"/>
        <lane id="11to30_1" index="1" speed="13.90" length="148.55" shape="601.45,298.35 750.00,298.35"/>
    </edge>
    <edge id="12to13" from="12" to="13" priority="-1">
        <lane id="12to13_0" index="0" speed="13.90" length="140.50" shape="151.45,145.05 291.95,145.05"/>
        <lane id="12to13_1" index="1" speed="13.90" length="140.50" shape="151.45,148.35 291.95,148.35"/>
    </edge>
    <edge id="12to24" from="12" to="24" priority="-1">
        <lane id="12to24_0" index="0" speed="13.90" length="141.95" shape="145.05,141.95 145.05,0.00"/>
        <lane id="12to24_1" index="1" speed="13.90" length="141.95" shape="148.35,141.95 148.35,0.00"/>
    </edge>
    <edge id="13to14" from="13" to="14" priority="-1">
        <lane id="13to14_0" index="0" speed="13.90" length="140.50" shape="301.45,145.05 441.95,145.05"/>
        <lane id="13to14_1" index="1" speed="13.90" length="140.50" shape="301.45,148.35 441.95,148.35"/>
    </edge>
    <edge id="13to25" from="13" to="25" priority="-1">
        <lane id="13to25_0" index="0" speed="13.90" length="141.95" shape="295.05,141.95 295.05,0.00"/>
        <lane id="13to25_1" index="1" speed="13.90" length="141.95" shape="298.35,141.95 298.35,0.00"/>
    </edge>
    <edge id="14to15" from="14" to="15" priority="-1">
        <lane id="14to15_0" index="0" speed="13.90" length="140.50" shape="451.45,145.05 591.95,145.05"/>
        <lane id="14to15_1" index="1" speed="13.90" length="140.50" shape="451.45,148.35 591.95,148.35"/>
    </edge>
    <edge id="14to26" from="14" to="26" priority="-1">
        <lane id="14to26_0" index="0" speed="13.90" length="141.95" shape="445.05,141.95 445.05,0.00"/>
        <lane id="14to26_1" index="1" speed="13.90" length="141.95" shape="448.35,141.95 448.35,0.00"/>
    </edge>
    <edge id="15to27" from="15" to="27" priority="-1">
        <lane id="15to27_0" index="0" speed="13.90" length="141.95" shape="595.05,141.95 595.05,0.00"/>
        <lane id="15to27_1" index="1" speed="13.90" length="141.95" shape="598.35,141.95 598.35,0.00"/>
    </edge>
    <edge id="15to31" from="15" to="31" priority="-1">
        <lane id="15to31_0" index="0" speed="13.90" length="148.55" shape="601.45,145.05 750.00,145.05"/>
        <lane id="15to31_1" index="1" speed="13.90" length="148.55" shape="601.45,148.35 750.00,148.35"/>
    </edge>
    <edge id="16to0" from="16" to="0" priority="-1">
        <lane id="16to0_0" index="0" speed="13.90" length="148.55" shape="145.05,750.00 145.05,601.45"/>
        <lane id="16to0_1" index="1" speed="13.90" length="148.55" shape="148.35,750.00 148.35,601.45"/>
    </edge>
    <edge id="17to1" from="17" to="1" priority="-1">
        <lane id="17to1_0" index="0" speed="13.90" length="148.55" shape="295.05,750.00 295.05,601.45"/>
        <lane id="17to1_1" index="1" speed="13.90" length="148.55" shape="298.35,750.00 298.35,601.45"/>
    </edge>
    <edge id="18to2" from="18" to="2" priority="-1">
        <lane id="18to2_0" index="0" speed="13.90" length="148.55" shape="445.05,750.00 445.05,601.45"/>
        <lane id="18to2_1" index="1" speed="13.90" length="148.55" shape="448.35,750.00 448.35,601.45"/>
    </edge>
    <edge id="19to3" from="19" to="3" priority="-1">
        <lane id="19to3_0" index="0" speed="13.90" length="148.55" shape="595.05,750.00 595.05,601.45"/>
        <lane id="19to3_1" index="1" speed="13.90" length="148.55" shape="598.35,750.00 598.35,601.45"/>
    </edge>
    <edge id="1to2" from="1" to="2" priority="-1">
        <lane id="1to2_0" index="0" speed="13.90" length="140.50" shape="301.45,595.05 441.95,595.05"/>
        <lane id="1to2_1" index="1" speed="13.90" length="140.50" shape="301.45,598.35 441.95,598.35"/>
    </edge>
    <edge id="1to5" from="1" to="5" priority="-1">
        <lane id="1to5_0" index="0" speed="13.90" length="140.50" shape="295.05,591.95 295.05,451.45"/>
        <lane id="1to5_1" index="1" speed="13.90" length="140.50" shape="298.35,591.95 298.35,451.45"/>
    </edge>
    <edge id="20to0" from="20" to="0" priority="-1">
        <lane id="20to0_0" index="0" speed="13.90" length="141.95" shape="0.00,595.05 141.95,595.05"/>
        <lane id="20to0_1" index="1" speed="13.90" length="141.95" shape="0.00,598.35 141.95,598.35"/>
    </edge>
    <edge id="21to4" from="21" to="4" priority="-1">
        <lane id="21to4_0" index="0" speed="13.90" length="141.95" shape="0.00,445.05 141.95,445.05"/>
        <lane id="21to4_1" index="1" speed="13.90" length="141.95" shape="0.00,448.35 141.95,448.35"/>
    </edge>
    <edge id="22to8" from="22" to="8" priority="-1">
        <lane id="22to8_0" index="0" speed="13.90" length="141.95" shape="0.00,295.05 141.95,295.05"/>
        <lane id="22to8_1" index="1" speed="13.90" length="141.95" shape="0.00,298.35 141.95,298.35"/>
    </edge>
    <edge id="23to12" from="23" to="12" priority="-1">
        <lane id="23to12_0" index="0" speed="13.90" length="141.95" shape="0.00,145.05 141.95,145.05"/>
        <lane id="23to12_1" index="1" speed="13.90" length="141.95" shape="0.00,148.35 141.95,148.35"/>
    </edge>
    <edge id="2to3" from="2" to="3" priority="-1">
        <lane id="2to3_0" index="0" speed="13.90" length="140.50" shape="451.45,595.05 591.95,595.05"/>
        <lane id="2to3_1" index="1" speed="13.90" length="140.50" shape="451.45,598.35 591.95,598.35"/>
    </edge>
    <edge id="2to6" from="2" to="6" priority="-1">
        <lane id="2to6_0" index="0" speed="13.90" length="140.50" shape="445.05,591.95 445.05,451.45"/>
        <lane id="2to6_1" index="1" speed="13.90" length="140.50" shape="448.35,591.95 448.35,451.45"/>
    </edge>
    <edge id="3to28" from="3" to="28" priority="-1">
        <lane id="3to28_0" index="0" speed="13.90" length="148.55" shape="601.45,595.05 750.00,595.05"/>
        <lane id="3to28_1" index="1" speed="13.90" length="148.55" shape="601.45,598.35 750.00,598.35"/>
    </edge>
    <edge id="3to7" from="3" to="7" priority="-1">
        <lane id="3to7_0" index="0" speed="13.90" length="140.50" shape="595.05,591.95 595.05,451.45"/>
        <lane id="3to7_1" index="1" speed="13.90" length="140.50" shape="598.35,591.95 598.35,451.45"/>
    </edge>
    <edge id="4to5" from="4" to="5" priority="-1">
        <lane id="4to5_0" index="0" speed="13.90" length="140.50" shape="151.45,445.05 291.95,445.05"/>
        <lane id="4to5_1" index="1" speed="13.90" length="140.50" shape="151.45,448.35 291.95,448.35"/>
    </edge>
    <edge id="4to8" from="4" to="8" priority="-1">
        <lane id="4to8_0" index="0" speed="13.90" length="140.50" shape="145.05,441.95 145.05,301.45"/>
        <lane id="4to8_1" index="1" speed="13.90" length="140.50" shape="148.35,441.95 148.35,301.45"/>
    </edge>
    <edge id="5to6" from="5" to="6" priority="-1">
        <lane id="5to6_0" index="0" speed="13.90" length="140.50" shape="301.45,445.05 441.95,445.05"/>
        <lane id="5to6_1" index="1" speed="13.90" length="140.50" shape="301.45,448.35 441.95,448.35"/>
    </edge>
    <edge id="5to9" from="5" to="9" priority="-1">
        <lane id="5to9_0" index="0" speed="13.90" length="140.50" shape="295.05,441.95 295.05,301.45"/>
        <lane id="5to9_1" index="1" speed="13.90" length="140.50" shape="298.35,441.95 298.35,301.45"/>
    </edge>
    <edge id="6to10" from="6" to="10" priority="-1">
        <lane id="6to10_0" index="0" speed="13.90" length="140.50" shape="445.05,441.95 445.05,301.45"/>
        <lane id="6to10_1" index="1" speed="13.90" length="140.50" shape="448.35,441.95 448.35,301.45"/>
    </edge>
    <edge id="6to7" from="6" to="7" priority="-1">
        <lane id="6to7_0" index="0" speed="13.90" length="140.50" shape="451.45,445.05 591.95,445.05"/>
        <lane id="6to7_1" index="1" speed="13.90" length="140.50" shape="451.45,448.35 591.95,448.35"/>
    </edge>
    <edge id="7to11" from="7" to="11" priority="-1">
        <lane id="7to11_0" index="0" speed="13.90" length="140.50" shape="595.05,441.95 595.05,301.45"/>
        <lane id="7to11_1" index="1" speed="13.90" length="140.50" shape="598.35,441.95 598.35,301.45"/>
    </edge>
    <edge id="7to29" from="7" to="29" priority="-1">
        <lane id="7to29_0" index="0" speed="13.90" length="148.55" shape="601.45,445.05 750.00,445.05"/>
        <lane id="7to29_1" index="1" speed="13.90" length="148.55" shape="601.45,448.35 750.00,448.35"/>
    </edge>
    <edge id="8to12" from="8" to="12" priority="-1">
        <lane id="8to12_0" index="0" speed="13.90" length="140.50" shape="145.05,291.95 145.05,151.45"/>
        <lane id="8to12_1" index="1" speed="13.90" length="140.50" shape="148.35,291.95 148.35,151.45"/>
    </edge>
    <edge id="8to9" from="8" to="9" priority="-1">
        <lane id="8to9_0" index="0" speed="13.90" length="140.50" shape="151.45,295.05 291.95,295.05"/>
        <lane id="8to9_1" index="1" speed="13.90" length="140.50" shape="151.45,298.35 291.95,298.35"/>
    </edge>
    <edge id="9to10" from="9" to="10" priority="-1">
        <lane id="9to10_0" index="0" speed="13.90" length="140.50" shape="301.45,295.05 441.95,295.05"/>
        <lane id="9to10_1" index="1" speed="13.90" length="140.50" shape="301.45,298.35 441.95,298.35"/>
    </edge>
    <edge id="9to13" from="9" to="13" priority="-1">
        <lane id="9to13_0" index="0" speed="13.90" length="140.50" shape="295.05,291.95 295.05,151.45"/>
        <lane id="9to13_1" index="1" speed="13.90" length="140.50" shape="298.35,291.95 298.35,151.45"/>
    </edge>

    <tlLogic id="0" type="static" programID="0" offset="0">
        <phase duration="42" state="GGGrrr"/>
        <phase duration="2" state="yyyrrr"/>
        <phase duration="42" state="rrrGGG"/>
        <phase duration="2" state="rrryyy"/>
    </tlLogic>
    <tlLogic id="1" type="static" programID="0" offset="0">
        <phase duration="42" state="GGGrrr"/>
        <phase duration="2" state="yyyrrr"/>
        <phase duration="42" state="rrrGGG"/>
        <phase duration="2" state="rrryyy"/>
    </tlLogic>
    <tlLogic id="10" type="static" programID="0" offset="0">
        <phase duration="42" state="GGGrrr"/>
        <phase duration="2" state="yyyrrr"/>
        <phase duration="42" state="rrrGGG"/>
        <phase duration="2" state="rrryyy"/>
    </tlLogic>
    <tlLogic id="10" type="static" programID="1" offset="0">
        <phase duration="42" state="GGGrrr"/>
        <phase duration="3" state="yyyrrr"/>
        <phase duration="42" state="rrrGGG"/>
        <phase duration="3" state="rrryyy"/>
    </tlLogic>
    <tlLogic id="11" type="static" programID="0" offset="0">
        <phase duration="42" state="GGGrrr"/>
        <phase duration="2" state="yyyrrr"/>
        <phase duration="42" state="rrrGGG"/>
        <phase duration="2" state="rrryyy"/>
    </tlLogic>
    <tlLogic id="12" type="static" programID="0" offset="0">
        <phase duration="42" state="GGGrrr"/>
        <phase duration="2" state="yyyrrr"/>
        <phase duration="42" state="rrrGGG"/>
        <phase duration="2" state="rrryyy"/>
    </tlLogic>
    <tlLogic id="13" type="static" programID="0" offset="0">
        <phase duration="42" state="GGGrrr"/>
        <phase duration="2" state="yyyrrr"/>
        <phase duration="42" state="rrrGGG"/>
        <phase duration="2" state="rrryyy"/>
    </tlLogic>
    <tlLogic id="14" type="static" programID="0" offset="0">
        <phase duration="42" state="GGGrrr"/>
        <phase duration="2" state="yyyrrr"/>
        <phase duration="42" state="rrrGGG"/>
        <phase duration="2" state="rrryyy"/>
    </tlLogic>
    <tlLogic id="15" type="static" programID="0" offset="0">
        <phase duration="42" state="GGGrrr"/>
        <phase duration="2" state="yyyrrr"/>
        <phase duration="42" state="rrrGGG"/>
        <phase duration="2" state="rrryyy"/>
    </tlLogic>
    <tlLogic id="2" type="static" programID="0" offset="0">
        <phase duration="42" state="GGGrrr"/>
        <phase duration="2" state="yyyrrr"/>
        <phase duration="42" state="rrrGGG"/>
        <phase duration="2" state="rrryyy"/>
    </tlLogic>
    <tlLogic id="3" type="static" programID="0" offset="0">
        <phase duration="42" state="GGGrrr"/>
        <phase duration="2" state="yyyrrr"/>
        <phase duration="42" state="rrrGGG"/>
        <phase duration="2" state="rrryyy"/>
    </tlLogic>
    <tlLogic id="4" type="static" programID="0" offset="0">
        <phase duration="42" state="GGGrrr"/>
        <phase duration="2" state="yyyrrr"/>
        <phase duration="42" state="rrrGGG"/>
        <phase duration="2" state="rrryyy"/>
    </tlLogic>
    <tlLogic id="5" type="static" programID="0" offset="0">
        <phase duration="42" state="GGGrrr"/>
        <phase duration="2" state="yyyrrr"/>
        <phase duration="42" state="rrrGGG"/>
        <phase duration="2" state="rrryyy"/>
    </tlLogic>
    <tlLogic id="6" type="static" programID="0" offset="0">
        <phase duration="42" state="GGGrrr"/>
        <phase duration="2" state="yyyrrr"/>
        <phase duration="42" state="rrrGGG"/>
        <phase duration="2" state="rrryyy"/>
    </tlLogic>
    <tlLogic id="7" type="static" programID="0" offset="0">
        <phase duration="42" state="GGGrrr"/>
        <phase duration="2" state="yyyrrr"/>
        <phase duration="42" state="rrrGGG"/>
        <phase duration="2" state="rrryyy"/>
    </tlLogic>
    <tlLogic id="8" type="static" programID="0" offset="0">
        <phase duration="42" state="GGGrrr"/>
        <phase duration="2" state="yyyrrr"/>
        <phase duration="42" state="rrrGGG"/>
        <phase duration="2" state="rrryyy"/>
    </tlLogic>
    <tlLogic id="9" type="static" programID="0" offset="0">
        <phase duration="42" state="GGGrrr"/>
        <phase duration="2" state="yyyrrr"/>
        <phase duration="42" state="rrrGGG"/>
        <phase duration="2" state="rrryyy"/>
    </tlLogic>

    <junction id="0" type="traffic_light" x="150.00" y="600.00" incLanes="16to0_0 16to0_1 20to0_0 20to0_1" intLanes=":0_0_0 :0_0_1 :0_2_0 :0_3_0 :0_4_0 :0_4_1" shape="143.45,601.45 149.95,601.45 151.45,599.95 151.45,593.45 149.95,591.95 143.45,591.95 141.95,593.45 141.95,599.95">
        <request index="0" response="111000" foes="111000" cont="0"/>
        <request index="1" response="111000" foes="111000" cont="0"/>
        <request index="2" response="110000" foes="110000" cont="0"/>
        <request index="3" response="000000" foes="000011" cont="0"/>
        <request index="4" response="000000" foes="000111" cont="0"/>
        <request index="5" response="000000" foes="000111" cont="0"/>
    </junction>
    <junction id="1" type="traffic_light" x="300.00" y="600.00" incLanes="17to1_0 17to1_1 0to1_0 0to1_1" intLanes=":1_0_0 :1_0_1 :1_2_0 :1_3_0 :1_4_0 :1_4_1" shape="293.45,601.45 299.95,601.45 301.45,599.95 301.45,593.45 299.95,591.95 293.45,591.95 291.95,593.45 291.95,599.95">
        <request index="0" response="111000" foes="111000" cont="0"/>
        <request index="1" response="111000" foes="111000" cont="0"/>
        <request index="2" response="110000" foes="110000" cont="0"/>
        <request index="3" response="000000" foes="000011" cont="0"/>
        <request index="4" response="000000" foes="000111" cont="0"/>
        <request index="5" response="000000" foes="000111" cont="0"/>
    </junction>
    <junction id="10" type="traffic_light" x="450.00" y="300.00" incLanes="6to10_0 6to10_1 9to10_0 9to10_1" intLanes=":10_0_0 :10_0_1 :10_2_0 :10_3_0 :10_4_0 :10_4_1" shape="443.45,301.45 449.95,301.45 451.45,299.95 451.45,293.45 449.95,291.95 443.45,291.95 441.95,293.45 441.95,299.95">
        <request index="0" response="111000" foes="111000" cont="0"/>
        <request index="1" response="111000" foes="111000" cont="0"/>
        <request index="2" response="110000" foes="110000" cont="0"/>
        <request index="3" response="000000" foes="000011" cont="0"/>
        <request index="4" response="000000" foes="000111" cont="0"/>
        <request index="5" response="000000" foes="000111" cont="0"/>
    </junction>
    <junction id="11" type="traffic_light" x="600.00" y="300.00" incLanes="7to11_0 7to11_1 10to11_0 10to11_1" intLanes=":11_0_0 :11_0_1 :11_2_0 :11_3_0 :11_4_0 :11_4_1" shape="593.45,301.45 599.95,301.45 601.45,299.95 601.45,293.45 599.95,291.95 593.45,291.95 591.95,293.45 591.95,299.95">
        <request index="0" response="111000" foes="111000" cont="0"/>
        <request index="1" response="111000" foes="111000" cont="0"/>
        <request index="2" response="110000" foes="110000" cont="0"/>
        <request index="3" response="000000" foes="000011" cont="0"/>
        <request index="4" response="000000" foes="000111" cont="0"/>
        <request index="5" response="000000" foes="000111" cont="0"/>
    </junction>
    <junction id="12" type="traffic_light" x="150.00" y="150.00" incLanes="8to12_0 8to12_1 23to12_0 23to12_1" intLanes=":12_0_0 :12_0_1 :12_2_0 :12_3_0 :12_4_0 :12_4_1" shape="143.45,151.45 149.95,151.45 151.45,149.95 151.45,143.45 149.95,141.95 143.45,141.95 141.95,143.45 141.95,149.95">
        <request index="0" response="111000" foes="111000" cont="0"/>
        <request index="1" response="111000" foes="111000" cont="0"/>
        <request index="2" response="110000" foes="110000" cont="0"/>
        <request index="3" response="000000" foes="000011" cont="0"/>
        <request index="4" response="000000" foes="000111" cont="0"/>
        <request index="5" response="000000" foes="000111" cont="0"/>
    </junction>
    <junction id="13" type="traffic_light" x="300.00" y="150.00" incLanes="9to13_0 9to13_1 12to13_0 12to13_1" intLanes=":13_0_0 :13_0_1 :13_2_0 :13_3_0 :13_4_0 :13_4_1" shape="293.45,151.45 299.95,151.45 301.45,149.95 301.45,143.45 299.95,141.95 293.45,141.95 291.95,143.45 291.95,149.95">
        <request index="0" response="111000" foes="111000" cont="0"/>
        <request index="1" response="111000" foes="111000" cont="0"/>
        <request index="2" response="110000" foes="110000" cont="0"/>
        <request index="3" response="000000" foes="000011" cont="0"/>
        <request index="4" response="000000" foes="000111" cont="0"/>
        <request index="5" response="000000" foes="000111" cont="0"/>
    </junction>
    <junction id="14" type="traffic_light" x="450.00" y="150.00" incLanes="10to14_0 10to14_1 13to14_0 13to14_1" intLanes=":14_0_0 :14_0_1 :14_2_0 :14_3_0 :14_4_0 :14_4_1" shape="443.45,151.45 449.95,151.45 451.45,149.95 451.45,143.45 449.95,141.95 443.45,141.95 441.95,143.45 441.95,149.95">
        <request index="0" response="111000" foes="111000" cont="0"/>
        <request index="1" response="111000" foes="111000" cont="0"/>
        <request index="2" response="110000" foes="110000" cont="0"/>
        <request index="3" response="000000" foes="000011" cont="0"/>
        <request index="4" response="000000" foes="000111" cont="0"/>
        <request index="5" response="000000" foes="000111" cont="0"/>
    </junction>
    <junction id="15" type="traffic_light" x="600.00" y="150.00" incLanes="11to15_0 11to15_1 14to15_0 14to15_1" intLanes=":15_0_0 :15_0_1 :15_2_0 :15_3_0 :15_4_0 :15_4_1" shape="593.45,151.45 599.95,151.45 601.45,149.95 601.45,143.45 599.95,141.95 593.45,141.95 591.95,143.45 591.95,149.95">
        <request index="0" response="111000" foes="111000" cont="0"/>
        <request index="1" response="111000" foes="111000" cont="0"/>
        <request index="2" response="110000" foes="110000" cont="0"/>
        <request index="3" response="000000" foes="000011" cont="0"/>
        <request index="4" response="000000" foes="000111" cont="0"/>
        <request index="5" response="000000" foes="000111" cont="0"/>
    </junction>
    <junction id="16" type="dead_end" x="150.00" y="750.00" incLanes="" intLanes="" shape="149.95,750.00 143.45,750.00"/>
    <junction id="17" type="dead_end" x="300.00" y="750.00" incLanes="" intLanes="" shape="299.95,750.00 293.45,750.00"/>
    <junction id="18" type="dead_end" x="450.00" y="750.00" incLanes="" intLanes="" shape="449.95,750.00 443.45,750.00"/>
    <junction id="19" type="dead_end" x="600.00" y="750.00" incLanes="" intLanes="" shape="599.95,750.00 593.45,750.00"/>
    <junction id="2" type="traffic_light" x="450.00" y="600.00" incLanes="18to2_0 18to2_1 1to2_0 1to2_1" intLanes=":2_0_0 :2_0_1 :2_2_0 :2_3_0 :2_4_0 :2_4_1" shape="443.45,601.45 449.95,601.45 451.45,599.95 451.45,593.45 449.95,591.95 443.45,591.95 441.95,593.45 441.95,599.95">
        <request index="0" response="111000" foes="111000" cont="0"/>
        <request index="1" response="111000" foes="111000" cont="0"/>
        <request index="2" response="110000" foes="110000" cont="0"/>
        <request index="3" response="000000" foes="000011" cont="0"/>
        <request index="4" response="000000" foes="000111" cont="0"/>
        <request index="5" response="000000" foes="000111" cont="0"/>
    </junction>
    <junction id="20" type="dead_end" x="0.00" y="600.00" incLanes="" intLanes="" shape="0.00,599.95 0.00,593.45"/>
    <junction id="21" type="dead_end" x="0.00" y="450.00" incLanes="" intLanes="" shape="0.00,449.95 0.00,443.45"/>
    <junction id="22" type="dead_end" x="0.00" y="300.00" incLanes="" intLanes="" shape="0.00,299.95 0.00,293.45"/>
    <junction id="23" type="dead_end" x="0.00" y="150.00" incLanes="" intLanes="" shape="0.00,149.95 0.00,143.45"/>
    <junction id="24" type="dead_end" x="150.00" y="0.00" incLanes="12to24_0 12to24_1" intLanes="" shape="143.45,0.00 149.95,0.00"/>
    <junction id="25" type="dead_end" x="300.00" y="0.00" incLanes="13to25_0 13to25_1" intLanes="" shape="293.45,0.00 299.95,0.00"/>
    <junction id="26" type="dead_end" x="450.00" y="0.00" incLanes="14to26_0 14to26_1" intLanes="" shape="443.45,0.00 449.95,0.00"/>
    <junction id="27" type="dead_end" x="600.00" y="0.00" incLanes="15to27_0 15to27_1" intLanes="" shape="593.45,0.00 599.95,0.00"/>
    <junction id="28" type="dead_end" x="750.00" y="600.00" incLanes="3to28_0 3to28_1" intLanes="" shape="750.00,593.45 750.00,599.95"/>
    <junction id="29" type="dead_end" x="750.00" y="450.00" incLanes="7to29_0 7to29_1" intLanes="" shape="750.00,443.45 750.00,449.95"/>
    <junction id="3" type="traffic_light" x="600.00" y="600.00" incLanes="19to3_0 19to3_1 2to3_0 2to3_1" intLanes=":3_0_0 :3_0_1 :3_2_0 :3_3_0 :3_4_0 :3_4_1" shape="593.45,601.45 599.95,601.45 601.45,599.95 601.45,593.45 599.95,591.95 593.45,591.95 591.95,593.45 591.95,599.95">
        <request index="0" response="111000" foes="111000" cont="0"/>
        <request index="1" response="111000" foes="111000" cont="0"/>
        <request index="2" response="110000" foes="110000" cont="0"/>
        <request index="3" response="000000" foes="000011" cont="0"/>
        <request index="4" response="000000" foes="000111" cont="0"/>
        <request index="5" response="000000" foes="000111" cont="0"/>
    </junction>
    <junction id="30" type="dead_end" x="750.00" y="300.00" incLanes="11to30_0 11to30_1" intLanes="" shape="750.00,293.45 750.00,299.95"/>
    <junction id="31" type="dead_end" x="750.00" y="150.00" incLanes="15to31_0 15to31_1" intLanes="" shape="750.00,143.45 750.00,149.95"/>
    <junction id="4" type="traffic_light" x="150.00" y="450.00" incLanes="0to4_0 0to4_1 21to4_0 21to4_1" intLanes=":4_0_0 :4_0_1 :4_2_0 :4_3_0 :4_4_0 :4_4_1" shape="143.45,451.45 149.95,451.45 151.45,449.95 151.45,443.45 149.95,441.95 143.45,441.95 141.95,443.45 141.95,449.95">
        <request index="0" response="111000" foes="111000" cont="0"/>
        <request index="1" response="111000" foes="111000" cont="0"/>
        <request index="2" response="110000" foes="110000" cont="0"/>
        <request index="3" response="000000" foes="000011" cont="0"/>
        <request index="4" response="000000" foes="000111" cont="0"/>
        <request index="5" response="000000" foes="000111" cont="0"/>
    </junction>
    <junction id="5" type="traffic_light" x="300.00" y="450.00" incLanes="1to5_0 1to5_1 4to5_0 4to5_1" intLanes=":5_0_0 :5_0_1 :5_2_0 :5_3_0 :5_4_0 :5_4_1" shape="293.45,451.45 299.95,451.45 301.45,449.95 301.45,443.45 299.95,441.95 293.45,441.95 291.95,443.45 291.95,449.95">
        <request index="0" response="111000" foes="111000" cont="0"/>
        <request index="1" response="111000" foes="111000" cont="0"/>
        <request index="2" response="110000" foes="110000" cont="0"/>
        <request index="3" response="000000" foes="000011" cont="0"/>
        <request index="4" response="000000" foes="000111" cont="0"/>
        <request index="5" response="000000" foes="000111" cont="0"/>
    </junction>
    <junction id="6" type="traffic_light" x="450.00" y="450.00" incLanes="2to6_0 2to6_1 5to6_0 5to6_1" intLanes=":6_0_0 :6_0_1 :6_2_0 :6_3_0 :6_4_0 :6_4_1" shape="443.45,451.45 449.95,451.45 451.45,449.95 451.45,443.45 449.95,441.95 443.45,441.95 441.95,443.45 441.95,449.95">
        <request index="0" response="111000" foes="111000" cont="0"/>
        <request index="1" response="111000" foes="111000" cont="0"/>
        <request index="2" response="110000" foes="110000" cont="0"/>
        <request index="3" response="000000" foes="000011" cont="0"/>
        <request index="4" response="000000" foes="000111" cont="0"/>
        <request index="5" response="000000" foes="000111" cont="0"/>
    </junction>
    <junction id="7" type="traffic_light" x="600.00" y="450.00" incLanes="3to7_0 3to7_1 6to7_0 6to7_1" intLanes=":7_0_0 :7_0_1 :7_2_0 :7_3_0 :7_4_0 :7_4_1" shape="593.45,451.45 599.95,451.45 601.45,449.95 601.45,443.45 599.95,441.95 593.45,441.95 591.95,443.45 591.95,449.95">
        <request index="0" response="111000" foes="111000" cont="0"/>
        <request index="1" response="111000" foes="111000" cont="0"/>
        <request index="2" response="110000" foes="110000" cont="0"/>
        <request index="3" response="000000" foes="000011" cont="0"/>
        <request index="4" response="000000" foes="000111" cont="0"/>
        <request index="5" response="000000" foes="000111" cont="0"/>
    </junction>
    <junction id="8" type="traffic_light" x="150.00" y="300.00" incLanes="4to8_0 4to8_1 22to8_0 22to8_1" intLanes=":8_0_0 :8_0_1 :8_2_0 :8_3_0 :8_4_0 :8_4_1" shape="143.45,301.45 149.95,301.45 151.45,299.95 151.45,293.45 149.95,291.95 143.45,291.95 141.95,293.45 141.95,299.95">
        <request index="0" response="111000" foes="111000" cont="0"/>
        <request index="1" response="111000" foes="111000" cont="0"/>
        <request index="2" response="110000" foes="110000" cont="0"/>
        <request index="3" response="000000" foes="000011" cont="0"/>
        <request index="4" response="000000" foes="000111" cont="0"/>
        <request index="5" response="000000" foes="000111" cont="0"/>
    </junction>
    <junction id="9" type="traffic_light" x="300.00" y="300.00" incLanes="5to9_0 5to9_1 8to9_0 8to9_1" intLanes=":9_0_0 :9_0_1 :9_2_0 :9_3_0 :9_4_0 :9_4_1" shape="293.45,301.45 299.95,301.45 301.45,299.95 301.45,293.45 299.95,291.95 293.45,291.95 291.95,293.45 291.95,299.95">
        <request index="0" response="111000" foes="111000" cont="0"/>
        <request index="1" response="111000" foes="111000" cont="0"/>
        <request index="2" response="110000" foes="110000" cont="0"/>
        <request index="3" response="000000" foes="000011" cont="0"/>
        <request index="4" response="000000" foes="000111" cont="0"/>
        <request index="5" response="000000" foes="000111" cont="0"/>
    </junction>

    <connection from="0to1" to="1to5" fromLane="0" toLane="0" via=":1_3_0" tl="1" linkIndex="3" dir="r" state="o"/>
    <connection from="0to1" to="1to2" fromLane="0" toLane="0" via=":1_4_0" tl="1" linkIndex="4" dir="s" state="o"/>
    <connection from="0to1" to="1to2" fromLane="1" toLane="1" via=":1_4_1" tl="1" linkIndex="5" dir="s" state="o"/>
    <connection from="0to4" to="4to8" fromLane="0" toLane="0" via=":4_0_0" tl="4" linkIndex="0" dir="s" state="o"/>
    <connection from="0to4" to="4to8" fromLane="1" toLane="1" via=":4_0_1" tl="4" linkIndex="1" dir="s" state="o"/>
    <connection from="0to4" to="4to5" fromLane="1" toLane="1" via=":4_2_0" tl="4" linkIndex="2" dir="l" state="o"/>
    <connection from="10to11" to="11to15" fromLane="0" toLane="0" via=":11_3_0" tl="11" linkIndex="3" dir="r" state="o"/>
    <connection from="10to11" to="11to30" fromLane="0" toLane="0" via=":11_4_0" tl="11" linkIndex="4" dir="s" state="o"/>
    <connection from="10to11" to="11to30" fromLane="1" toLane="1" via=":11_4_1" tl="11" linkIndex="5" dir="s" state="o"/>
    <connection from="10to14" to="14to26" fromLane="0" toLane="0" via=":14_0_0" tl="14" linkIndex="0" dir="s" state="o"/>
    <connection from="10to14" to="14to26" fromLane="1" toLane="1" via=":14_0_1" tl="14" linkIndex="1" dir="s" state="o"/>
    <connection from="10to14" to="14to15" fromLane="1" toLane="1" via=":14_2_0" tl="14" linkIndex="2" dir="l" state="o"/>
    <connection from="11to15" to="15to27" fromLane="0" toLane="0" via=":15_0_0" tl="15" linkIndex="0" dir="s" state="o"/>
    <connection from="11to15" to="15to27" fromLane="1" toLane="1" via=":15_0_1" tl="15" linkIndex="1" dir="s" state="o"/>
    <connection from="11to15" to="15to31" fromLane="1" toLane="1" via=":15_2_0" tl="15" linkIndex="2" dir="l" state="o"/>
    <connection from="12to13" to="13to25" fromLane="0" toLane="0" via=":13_3_0" tl="13" linkIndex="3" dir="r" state="o"/>
    <connection from="12to13" to="13to14" fromLane="0" toLane="0" via=":13_4_0" tl="13" linkIndex="4" dir="s" state="o"/>
    <connection from="12to13" to="13to14" fromLane="1" toLane="1" via=":13_4_1" tl="13" linkIndex="5" dir="s" state="o"/>
    <connection from="13to14" to="14to26" fromLane="0" toLane="0" via=":14_3_0" tl="14" linkIndex="3" dir="r" state="o"/>
    <connection from="13to14" to="14to15" fromLane="0" toLane="0" via=":14_4_0" tl="14" linkIndex="4" dir="s" state="o"/>
    <connection from="13to14" to="14to15" fromLane="1" toLane="1" via=":14_4_1" tl="14" linkIndex="5" dir="s" state="o"/>
    <connection from="14to15" to="15to27" fromLane="0" toLane="0" via=":15_3_0" tl="15" linkIndex="3" dir="r" state="o"/>
    <connection from="14to15" to="15to31" fromLane="0" toLane="0" via=":15_4_0" tl="15" linkIndex="4" dir="s" state="o"/>
    <connection from="14to15" to="15to31" fromLane="1" toLane="1" via=":15_4_1" tl="15" linkIndex="5" dir="s" state="o"/>
    <connection from="16to0" to="0to4" fromLane="0" toLane="0" via=":0_0_0" tl="0" linkIndex="0" dir="s" state="o"/>
    <connection from="16to0" to="0to4" fromLane="1" toLane="1" via=":0_0_1" tl="0" linkIndex="1" dir="s" state="o"/>
    <connection from="16to0" to="0to1" fromLane="1" toLane="1" via=":0_2_0" tl="0" linkIndex="2" dir="l" state="o"/>
    <connection from="17to1" to="1to5" fromLane="0" toLane="0" via=":1_0_0" tl="1" linkIndex="0" dir="s" state="o"/>
    <connection from="17to1" to="1to5" fromLane="1" toLane="1" via=":1_0_1" tl="1" linkIndex="1" dir="s" state="o"/>
    <connection from="17to1" to="1to2" fromLane="1" toLane="1" via=":1_2_0" tl="1" linkIndex="2" dir="l" state="o"/>
    <connection from="18to2" to="2to6" fromLane="0" toLane="0" via=":2_0_0" tl="2" linkIndex="0" dir="s" state="o"/>
    <connection from="18to2" to="2to6" fromLane="1" toLane="1" via=":2_0_1" tl="2" linkIndex="1" dir="s" state="o"/>
    <connection from="18to2" to="2to3" fromLane="1" toLane="1" via=":2_2_0" tl="2" linkIndex="2" dir="l" state="o"/>
    <connection from="19to3" to="3to7" fromLane="0" toLane="0" via=":3_0_0" tl="3" linkIndex="0" dir="s" state="o"/>
    <connection from="19to3" to="3to7" fromLane="1" toLane="1" via=":3_0_1" tl="3" linkIndex="1" dir="s" state="o"/>
    <connection from="19to3" to="3to28" fromLane="1" toLane="1" via=":3_2_0" tl="3" linkIndex="2" dir="l" state="o"/>
    <connection from="1to2" to="2to6" fromLane="0" toLane="0" via=":2_3_0" tl="2" linkIndex="3" dir="r" state="o"/>
    <connection from="1to2" to="2to3" fromLane="0" toLane="0" via=":2_4_0" tl="2" linkIndex="4" dir="s" state="o"/>
    <connection from="1to2" to="2to3" fromLane="1" toLane="1" via=":2_4_1" tl="2" linkIndex="5" dir="s" state="o"/>
    <connection from="1to5" to="5to9" fromLane="0" toLane="0" via=":5_0_0" tl="5" linkIndex="0" dir="s" state="o"/>
    <connection from="1to5" to="5to9" fromLane="1" toLane="1" via=":5_0_1" tl="5" linkIndex="1" dir="s" state="o"/>
    <connection from="1to5" to="5to6" fromLane="1" toLane="1" via=":5_2_0" tl="5" linkIndex="2" dir="l" state="o"/>
    <connection from="20to0" to="0to4" fromLane="0" toLane="0" via=":0_3_0" tl="0" linkIndex="3" dir="r" state="o"/>
    <connection from="20to0" to="0to1" fromLane="0" toLane="0" via=":0_4_0" tl="0" linkIndex="4" dir="s" state="o"/>
    <connection from="20to0" to="0to1" fromLane="1" toLane="1" via=":0_4_1" tl="0" linkIndex="5" dir="s" state="o"/>
    <connection from="21to4" to="4to8" fromLane="0" toLane="0" via=":4_3_0" tl="4" linkIndex="3" dir="r" state="o"/>
    <connection from="21to4" to="4to5" fromLane="0" toLane="0" via=":4_4_0" tl="4" linkIndex="4" dir="s" state="o"/>
    <connection from="21to4" to="4to5" fromLane="1" toLane="1" via=":4_4_1" tl="4" linkIndex="5" dir="s" state="o"/>
    <connection from="22to8" to="8to12" fromLane="0" toLane="0" via=":8_3_0" tl="8" linkIndex="3" dir="r" state="o"/>
    <connection from="22to8" to="8to9" fromLane="0" toLane="0" via=":8_4_0" tl="8" linkIndex="4" dir="s" state="o"/>
    <connection from="22to8" to="8to9" fromLane="1" toLane="1" via=":8_4_1" tl="8" linkIndex="5" dir="s" state="o"/>
    <connection from="23to12" to="12to24" fromLane="0" toLane="0" via=":12_3_0" tl="12" linkIndex="3" dir="r" state="o"/>
    <connection from="23to12" to="12to13" fromLane="0" toLane="0" via=":12_4_0" tl="12" linkIndex="4" dir="s" state="o"/>
    <connection from="23to12" to="12to13" fromLane="1" toLane="1" via=":12_4_1" tl="12" linkIndex="5" dir="s" state="o"/>
    <connection from="2to3" to="3to7" fromLane="0" toLane="0" via=":3_3_0" tl="3" linkIndex="3" dir="r" state="o"/>
    <connection from="2to3" to="3to28" fromLane="0" toLane="0" via=":3_4_0" tl="3" linkIndex="4" dir="s" state="o"/>
    <connection from="2to3" to="3to28" fromLane="1" toLane="1" via=":3_4_1" tl="3" linkIndex="5" dir="s" state="o"/>
    <connection from="2to6" to="6to10" fromLane="0" toLane="0" via=":6_0_0" tl="6" linkIndex="0" dir="s" state="o"/>
    <connection from="2to6" to="6to10" fromLane="1" toLane="1" via=":6_0_1" tl="6" linkIndex="1" dir="s" state="o"/>
    <connection from="2to6" to="6to7" fromLane="1" toLane="1" via=":6_2_0" tl="6" linkIndex="2" dir="l" state="o"/>
    <connection from="3to7" to="7to11" fromLane="0" toLane="0" via=":7_0_0" tl="7" linkIndex="0" dir="s" state="o"/>
    <connection from="3to7" to="7to11" fromLane="1" toLane="1" via=":7_0_1" tl="7" linkIndex="1" dir="s" state="o"/>
    <connection from="3to7" to="7to29" fromLane="1" toLane="1" via=":7_2_0" tl="7" linkIndex="2" dir="l" state="o"/>
    <connection from="4to5" to="5to9" fromLane="0" toLane="0" via=":5_3_0" tl="5" linkIndex="3" dir="r" state="o"/>
    <connection from="4to5" to="5to6" fromLane="0" toLane="0" via=":5_4_0" tl="5" linkIndex="4" dir="s" state="o"/>
    <connection from="4to5" to="5to6" fromLane="1" toLane="1" via=":5_4_1" tl="5" linkIndex="5" dir="s" state="o"/>
    <connection from="4to8" to="8to12" fromLane="0" toLane="0" via=":8_0_0" tl="8" linkIndex="0" dir="s" state="o"/>
    <connection from="4to8" to="8to12" fromLane="1" toLane="1" via=":8_0_1" tl="8" linkIndex="1" dir="s" state="o"/>
    <connection from="4to8" to="8to9" fromLane="1" toLane="1" via=":8_2_0" tl="8" linkIndex="2" dir="l" state="o"/>
    <connection from="5to6" to="6to10" fromLane="0" toLane="0" via=":6_3_0" tl="6" linkIndex="3" dir="r" state="o"/>
    <connection from="5to6" to="6to7" fromLane="0" toLane="0" via=":6_4_0" tl="6" linkIndex="4" dir="s" state="o"/>
    <connection from="5to6" to="6to7" fromLane="1" toLane="1" via=":6_4_1" tl="6" linkIndex="5" dir="s" state="o"/>
    <connection from="5to9" to="9to13" fromLane="0" toLane="0" via=":9_0_0" tl="9" linkIndex="0" dir="s" state="o"/>
    <connection from="5to9" to="9to13" fromLane="1" toLane="1" via=":9_0_1" tl="9" linkIndex="1" dir="s" state="o"/>
    <connection from="5to9" to="9to10" fromLane="1" toLane="1" via=":9_2_0" tl="9" linkIndex="2" dir="l" state="o"/>
    <connection from="6to10" to="10to14" fromLane="0" toLane="0" via=":10_0_0" tl="10" linkIndex="0" dir="s" state="o"/>
    <connection from="6to10" to="10to14" fromLane="1" toLane="1" via=":10_0_1" tl="10" linkIndex="1" dir="s" state="o"/>
    <connection from="6to10" to="10to11" fromLane="1" toLane="1" via=":10_2_0" tl="10" linkIndex="2" dir="l" state="o"/>
    <connection from="6to7" to="7to11" fromLane="0" toLane="0" via=":7_3_0" tl="7" linkIndex="3" dir="r" state="o"/>
    <connection from="6to7" to="7to29" fromLane="0" toLane="0" via=":7_4_0" tl="7" linkIndex="4" dir="s" state="o"/>
    <connection from="6to7" to="7to29" fromLane="1" toLane="1" via=":7_4_1" tl="7" linkIndex="5" dir="s" state="o"/>
    <connection from="7to11" to="11to15" fromLane="0" toLane="0" via=":11_0_0" tl="11" linkIndex="0" dir="s" state="o"/>
    <connection from="7to11" to="11to15" fromLane="1" toLane="1" via=":11_0_1" tl="11" linkIndex="1" dir="s" state="o"/>
    <connection from="7to11" to="11to30" fromLane="1" toLane="1" via=":11_2_0" tl="11" linkIndex="2" dir="l" state="o"/>
    <connection from="8to12" to="12to24" fromLane="0" toLane="0" via=":12_0_0" tl="12" linkIndex="0" dir="s" state="o"/>
    <connection from="8to12" to="12to24" fromLane="1" toLane="1" via=":12_0_1" tl="12" linkIndex="1" dir="s" state="o"/>
    <connection from="8to12" to="12to13" fromLane="1" toLane="1" via=":12_2_0" tl="12" linkIndex="2" dir="l" state="o"/>
    <connection from="8to9" to="9to13" fromLane="0" toLane="0" via=":9_3_0" tl="9" linkIndex="3" dir="r" state="o"/>
    <connection from="8to9" to="9to10" fromLane="0" toLane="0" via=":9_4_0" tl="9" linkIndex="4" dir="s" state="o"/>
    <connection from="8to9" to="9to10" fromLane="1" toLane="1" via=":9_4_1" tl="9" linkIndex="5" dir="s" state="o"/>
    <connection from="9to10" to="10to14" fromLane="0" toLane="0" via=":10_3_0" tl="10" linkIndex="3" dir="r" state="o"/>
    <connection from="9to10" to="10to11" fromLane="0" toLane="0" via=":10_4_0" tl="10" linkIndex="4" dir="s" state="o"/>
    <connection from="9to10" to="10to11" fromLane="1" toLane="1" via=":10_4_1" tl="10" linkIndex="5" dir="s" state="o"/>
    <connection from="9to13" to="13to25" fromLane="0" toLane="0" via=":13_0_0" tl="13" linkIndex="0" dir="s" state="o"/>
    <connection from="9to13" to="13to25" fromLane="1" toLane="1" via=":13_0_1" tl="13" linkIndex="1" dir="s" state="o"/>
    <connection from="9to13" to="13to14" fromLane="1" toLane="1" via=":13_2_0" tl="13" linkIndex="2" dir="l" state="o"/>

    <connection from=":0_0" to="0to4" fromLane="0" toLane="0" dir="s" state="M"/>
    <connection from=":0_0" to="0to4" fromLane="1" toLane="1" dir="s" state="M"/>
    <connection from=":0_2" to="0to1" fromLane="0" toLane="1" dir="l" state="M"/>
    <connection from=":0_3" to="0to4" fromLane="0" toLane="0" dir="r" state="M"/>
    <connection from=":0_4" to="0to1" fromLane="0" toLane="0" dir="s" state="M"/>
    <connection from=":0_4" to="0to1" fromLane="1" toLane="1" dir="s" state="M"/>
    <connection from=":1_0" to="1to5" fromLane="0" toLane="0" dir="s" state="M"/>
    <connection from=":1_0" to="1to5" fromLane="1" toLane="1" dir="s" state="M"/>
    <connection from=":1_2" to="1to2" fromLane="0" toLane="1" dir="l" state="M"/>
    <connection from=":1_3" to="1to5" fromLane="0" toLane="0" dir="r" state="M"/>
    <connection from=":1_4" to="1to2" fromLane="0" toLane="0" dir="s" state="M"/>
    <connection from=":1_4" to="1to2" fromLane="1" toLane="1" dir="s" state="M"/>
    <connection from=":10_0" to="10to14" fromLane="0" toLane="0" dir="s" state="M"/>
    <connection from=":10_0" to="10to14" fromLane="1" toLane="1" dir="s" state="M"/>
    <connection from=":10_2" to="10to11" fromLane="0" toLane="1" dir="l" state="M"/>
    <connection from=":10_3" to="10to14" fromLane="0" toLane="0" dir="r" state="M"/>
    <connection from=":10_4" to="10to11" fromLane="0" toLane="0" dir="s" state="M"/>
    <connection from=":10_4" to="10to11" fromLane="1" toLane="1" dir="s" state="M"/>
    <connection from=":11_0" to="11to15" fromLane="0" toLane="0" dir="s" state="M"/>
    <connection from=":11_0" to="11to15" fromLane="1" toLane="1" dir="s" state="M"/>
    <connection from=":11_2" to="11to30" fromLane="0" toLane="1" dir="l" state="M"/>
    <connection from=":11_3" to="11to15" fromLane="0" toLane="0" dir="r" state="M"/>
    <connection from=":11_4" to="11to30" fromLane="0" toLane="0" dir="s" state="M"/>
    <connection from=":11_4" to="11to30" fromLane="1" toLane="1" dir="s" state="M"/>
    <connection from=":12_0" to="12to24" fromLane="0" toLane="0" dir="s" state="M"/>
    <connection from=":12_0" to="12to24" fromLane="1" toLane="1" dir="s" state="M"/>
    <connection from=":12_2" to="12to13" fromLane="0" toLane="1" dir="l" state="M"/>
    <connection from=":12_3" to="12to24" fromLane="0" toLane="0" dir="r" state="M"/>
    <connection from=":12_4" to="12to13" fromLane="0" toLane="0" dir="s" state="M"/>
    <connection from=":12_4" to="12to13" fromLane="1" toLane="1" dir="s" state="M"/>
    <connection from=":13_0" to="13to25" fromLane="0" toLane="0" dir="s" state="M"/>
    <connection from=":13_0" to="13to25" fromLane="1" toLane="1" dir="s" state="M"/>
    <connection from=":13_2" to="13to14" fromLane="0" toLane="1" dir="l" state="M"/>
    <connection from=":13_3" to="13to25" fromLane="0" toLane="0" dir="r" state="M"/>
    <connection from=":13_4" to="13to14" fromLane="0" toLane="0" dir="s" state="M"/>
    <connection from=":13_4" to="13to14" fromLane="1" toLane="1" dir="s" state="M"/>
    <connection from=":14_0" to="14to26" fromLane="0" toLane="0" dir="s" state="M"/>
    <connection from=":14_0" to="14to26" fromLane="1" toLane="1" dir="s" state="M"/>
    <connection from=":14_2" to="14to15" fromLane="0" toLane="1" dir="l" state="M"/>
    <connection from=":14_3" to="14to26" fromLane="0" toLane="0" dir="r" state="M"/>
    <connection from=":14_4" to="14to15" fromLane="0" toLane="0" dir="s" state="M"/>
    <connection from=":14_4" to="14to15" fromLane="1" toLane="1" dir="s" state="M"/>
    <connection from=":15_0" to="15to27" fromLane="0" toLane="0" dir="s" state="M"/>
    <connection from=":15_0" to="15to27" fromLane="1" toLane="1" dir="s" state="M"/>
    <connection from=":15_2" to="15to31" fromLane="0" toLane="1" dir="l" state="M"/>
    <connection from=":15_3" to="15to27" fromLane="0" toLane="0" dir="r" state="M"/>
    <connection from=":15_4" to="15to31" fromLane="0" toLane="0" dir="s" state="M"/>
    <connection from=":15_4" to="15to31" fromLane="1" toLane="1" dir="s" state="M"/>
    <connection from=":2_0" to="2to6" fromLane="0" toLane="0" dir="s" state="M"/>
    <connection from=":2_0" to="2to6" fromLane="1" toLane="1" dir="s" state="M"/>
    <connection from=":2_2" to="2to3" fromLane="0" toLane="1" dir="l" state="M"/>
    <connection from=":2_3" to="2to6" fromLane="0" toLane="0" dir="r" state="M"/>
    <connection from=":2_4" to="2to3" fromLane="0" toLane="0" dir="s" state="M"/>
    <connection from=":2_4" to="2to3" fromLane="1" toLane="1" dir="s" state="M"/>
    <connection from=":3_0" to="3to7" fromLane="0" toLane="0" dir="s" state="M"/>
    <connection from=":3_0" to="3to7" fromLane="1" toLane="1" dir="s" state="M"/>
    <connection from=":3_2" to="3to28" fromLane="0" toLane="1" dir="l" state="M"/>
    <connection from=":3_3" to="3to7" fromLane="0" toLane="0" dir="r" state="M"/>
    <connection from=":3_4" to="3to28" fromLane="0" toLane="0" dir="s" state="M"/>
    <connection from=":3_4" to="3to28" fromLane="1" toLane="1" dir="s" state="M"/>
    <connection from=":4_0" to="4to8" fromLane="0" toLane="0" dir="s" state="M"/>
    <connection from=":4_0" to="4to8" fromLane="1" toLane="1" dir="s" state="M"/>
    <connection from=":4_2" to="4to5" fromLane="0" toLane="1" dir="l" state="M"/>
    <connection from=":4_3" to="4to8" fromLane="0" toLane="0" dir="r" state="M"/>
    <connection from=":4_4" to="4to5" fromLane="0" toLane="0" dir="s" state="M"/>
    <connection from=":4_4" to="4to5" fromLane="1" toLane="1" dir="s" state="M"/>
    <connection from=":5_0" to="5to9" fromLane="0" toLane="0" dir="s" state="M"/>
    <connection from=":5_0" to="5to9" fromLane="1" toLane="1" dir="s" state="M"/>
    <connection from=":5_2" to="5to6" fromLane="0" toLane="1" dir="l" state="M"/>
    <connection from=":5_3" to="5to9" fromLane="0" toLane="0" dir="r" state="M"/>
    <connection from=":5_4" to="5to6" fromLane="0" toLane="0" dir="s" state="M"/>
    <connection from=":5_4" to="5to6" fromLane="1" toLane="1" dir="s" state="M"/>
    <connection from=":6_0" to="6to10" fromLane="0" toLane="0" dir="s" state="M"/>
    <connection from=":6_0" to="6to10" fromLane="1" toLane="1" dir="s" state="M"/>
    <connection from=":6_2" to="6to7" fromLane="0" toLane="1" dir="l" state="M"/>
    <connection from=":6_3" to="6to10" fromLane="0" toLane="0" dir="r" state="M"/>
    <connection from=":6_4" to="6to7" fromLane="0" toLane="0" dir="s" state="M"/>
    <connection from=":6_4" to="6to7" fromLane="1" toLane="1" dir="s" state="M"/>
    <connection from=":7_0" to="7to11" fromLane="0" toLane="0" dir="s" state="M"/>
    <connection from=":7_0" to="7to11" fromLane="1" toLane="1" dir="s" state="M"/>
    <connection from=":7_2" to="7to29" fromLane="0" toLane="1" dir="l" state="M"/>
    <connection from=":7_3" to="7to11" fromLane="0" toLane="0" dir="r" state="M"/>
    <connection from=":7_4" to="7to29" fromLane="0" toLane="0" dir="s" state="M"/>
    <connection from=":7_4" to="7to29" fromLane="1" toLane="1" dir="s" state="M"/>
    <connection from=":8_0" to="8to12" fromLane="0" toLane="0" dir="s" state="M"/>
    <connection from=":8_0" to="8to12" fromLane="1" toLane="1" dir="s" state="M"/>
    <connection from=":8_2" to="8to9" fromLane="0" toLane="1" dir="l" state="M"/>
    <connection from=":8_3" to="8to12" fromLane="0" toLane="0" dir="r" state="M"/>
    <connection from=":8_4" to="8to9" fromLane="0" toLane="0" dir="s" state="M"/>
    <connection from=":8_4" to="8to9" fromLane="1" toLane="1" dir="s" state="M"/>
    <connection from=":9_0" to="9to13" fromLane="0" toLane="0" dir="s" state="M"/>
    <connection from=":9_0" to="9to13" fromLane="1" toLane="1" dir="s" state="M"/>
    <connection from=":9_2" to="9to10" fromLane="0" toLane="1" dir="l" state="M"/>
    <connection from=":9_3" to="9to13" fromLane="0" toLane="0" dir="r" state="M"/>
    <connection from=":9_4" to="9to10" fromLane="0" toLane="0" dir="s" state="M"/>
    <connection from=":9_4" to="9to10" fromLane="1" toLane="1" dir="s" state="M"/>

</net>
