<?xml version="1.0" encoding="UTF-8"?>

<!-- generated on sex 26 out 2018 17:05:36 -02 by Netedit Version 0.32.0
<?xml version="1.0" encoding="UTF-8"?>

<configuration xmlns:xsi="http://www.w3.org/2001/XMLSchema-instance" xsi:noNamespaceSchemaLocation="http://sumo.dlr.de/xsd/netconvertConfiguration.xsd">

    <input>
        <sumo-net-file value="4x4circular.net.xml"/>
    </input>

    <output>
        <output-file value="4x4circular.net.xml"/>
    </output>

    <processing>
        <no-turnarounds value="true"/>
        <offset.disable-normalization value="true"/>
        <lefthand value="false"/>
        <junctions.corner-detail value="0"/>
        <rectangular-lane-cut value="false"/>
        <walkingareas value="false"/>
    </processing>

</configuration>
-->

<net version="0.27" xmlns:xsi="http://www.w3.org/2001/XMLSchema-instance" xsi:noNamespaceSchemaLocation="http://sumo.dlr.de/xsd/net_file.xsd">

    <location netOffset="-1850.00,-2900.00" convBoundary="0.00,0.00,750.00,750.00" origBoundary="1850.00,2900.00,2600.00,3650.00" projParameter="!"/>

    <edge id=":0_0" function="internal">
        <lane id=":0_0_0" index="0" speed="13.90" length="5.00" shape="154.95,591.95 155.14,593.31 155.72,594.27 156.69,594.86 158.05,595.05"/>
    </edge>
    <edge id=":0_1" function="internal">
        <lane id=":0_1_0" index="0" speed="13.90" length="9.50" shape="154.95,591.95 154.95,601.45"/>
        <lane id=":0_1_1" index="1" speed="13.90" length="9.50" shape="151.65,591.95 151.65,601.45"/>
    </edge>
    <edge id=":0_3" function="internal">
        <lane id=":0_3_0" index="0" speed="13.90" length="9.50" shape="148.55,595.05 158.05,595.05"/>
        <lane id=":0_3_1" index="1" speed="13.90" length="9.50" shape="148.55,598.35 158.05,598.35"/>
    </edge>
    <edge id=":0_5" function="internal">
        <lane id=":0_5_0" index="0" speed="13.90" length="5.00" shape="148.55,598.35 149.91,598.54 150.88,599.12 151.46,600.09 151.65,601.45"/>
    </edge>
    <edge id=":1_0" function="internal">
        <lane id=":1_0_0" index="0" speed="13.90" length="9.50" shape="295.05,601.45 295.05,591.95"/>
        <lane id=":1_0_1" index="1" speed="13.90" length="9.50" shape="298.35,601.45 298.35,591.95"/>
    </edge>
    <edge id=":1_2" function="internal">
        <lane id=":1_2_0" index="0" speed="13.90" length="5.00" shape="298.35,601.45 298.54,600.09 299.12,599.12 300.09,598.54 301.45,598.35"/>
    </edge>
    <edge id=":1_3" function="internal">
        <lane id=":1_3_0" index="0" speed="13.90" length="5.00" shape="291.95,595.05 293.31,594.86 294.27,594.27 294.86,593.31 295.05,591.95"/>
    </edge>
    <edge id=":1_4" function="internal">
        <lane id=":1_4_0" index="0" speed="13.90" length="9.50" shape="291.95,595.05 301.45,595.05"/>
        <lane id=":1_4_1" index="1" speed="13.90" length="9.50" shape="291.95,598.35 301.45,598.35"/>
    </edge>
    <edge id=":10_0" function="internal">
        <lane id=":10_0_0" index="0" speed="13.90" length="5.00" shape="445.05,308.05 444.86,306.69 444.28,305.73 443.31,305.14 441.95,304.95"/>
    </edge>
    <edge id=":10_1" function="internal">
        <lane id=":10_1_0" index="0" speed="13.90" length="9.50" shape="445.05,308.05 445.05,298.55"/>
        <lane id=":10_1_1" index="1" speed="13.90" length="9.50" shape="448.35,308.05 448.35,298.55"/>
    </edge>
    <edge id=":10_3" function="internal">
        <lane id=":10_3_0" index="0" speed="13.90" length="9.50" shape="451.45,304.95 441.95,304.95"/>
        <lane id=":10_3_1" index="1" speed="13.90" length="9.50" shape="451.45,301.65 441.95,301.65"/>
    </edge>
    <edge id=":10_5" function="internal">
        <lane id=":10_5_0" index="0" speed="13.90" length="5.00" shape="451.45,301.65 450.09,301.46 449.12,300.88 448.54,299.91 448.35,298.55"/>
    </edge>
    <edge id=":11_0" function="internal">
        <lane id=":11_0_0" index="0" speed="13.90" length="5.00" shape="608.05,304.95 606.69,305.14 605.73,305.72 605.14,306.69 604.95,308.05"/>
    </edge>
    <edge id=":11_1" function="internal">
        <lane id=":11_1_0" index="0" speed="13.90" length="9.50" shape="608.05,304.95 598.55,304.95"/>
        <lane id=":11_1_1" index="1" speed="13.90" length="9.50" shape="608.05,301.65 598.55,301.65"/>
    </edge>
    <edge id=":11_3" function="internal">
        <lane id=":11_3_0" index="0" speed="13.90" length="9.50" shape="604.95,298.55 604.95,308.05"/>
        <lane id=":11_3_1" index="1" speed="13.90" length="9.50" shape="601.65,298.55 601.65,308.05"/>
    </edge>
    <edge id=":11_5" function="internal">
        <lane id=":11_5_0" index="0" speed="13.90" length="5.00" shape="601.65,298.55 601.46,299.91 600.88,300.88 599.91,301.46 598.55,301.65"/>
    </edge>
    <edge id=":12_0" function="internal">
        <lane id=":12_0_0" index="0" speed="13.90" length="5.00" shape="154.95,141.95 155.14,143.31 155.72,144.28 156.69,144.86 158.05,145.05"/>
    </edge>
    <edge id=":12_1" function="internal">
        <lane id=":12_1_0" index="0" speed="13.90" length="9.50" shape="154.95,141.95 154.95,151.45"/>
        <lane id=":12_1_1" index="1" speed="13.90" length="9.50" shape="151.65,141.95 151.65,151.45"/>
    </edge>
    <edge id=":12_3" function="internal">
        <lane id=":12_3_0" index="0" speed="13.90" length="9.50" shape="148.55,145.05 158.05,145.05"/>
        <lane id=":12_3_1" index="1" speed="13.90" length="9.50" shape="148.55,148.35 158.05,148.35"/>
    </edge>
    <edge id=":12_5" function="internal">
        <lane id=":12_5_0" index="0" speed="13.90" length="5.00" shape="148.55,148.35 149.91,148.54 150.88,149.12 151.46,150.09 151.65,151.45"/>
    </edge>
    <edge id=":13_0" function="internal">
        <lane id=":13_0_0" index="0" speed="13.90" length="9.50" shape="295.05,151.45 295.05,141.95"/>
        <lane id=":13_0_1" index="1" speed="13.90" length="9.50" shape="298.35,151.45 298.35,141.95"/>
    </edge>
    <edge id=":13_2" function="internal">
        <lane id=":13_2_0" index="0" speed="13.90" length="5.00" shape="298.35,151.45 298.54,150.09 299.12,149.12 300.09,148.54 301.45,148.35"/>
    </edge>
    <edge id=":13_3" function="internal">
        <lane id=":13_3_0" index="0" speed="13.90" length="5.00" shape="291.95,145.05 293.31,144.86 294.27,144.28 294.86,143.31 295.05,141.95"/>
    </edge>
    <edge id=":13_4" function="internal">
        <lane id=":13_4_0" index="0" speed="13.90" length="9.50" shape="291.95,145.05 301.45,145.05"/>
        <lane id=":13_4_1" index="1" speed="13.90" length="9.50" shape="291.95,148.35 301.45,148.35"/>
    </edge>
    <edge id=":14_0" function="internal">
        <lane id=":14_0_0" index="0" speed="13.90" length="9.50" shape="445.05,151.45 445.05,141.95"/>
        <lane id=":14_0_1" index="1" speed="13.90" length="9.50" shape="448.35,151.45 448.35,141.95"/>
    </edge>
    <edge id=":14_2" function="internal">
        <lane id=":14_2_0" index="0" speed="13.90" length="5.00" shape="448.35,151.45 448.54,150.09 449.13,149.12 450.09,148.54 451.45,148.35"/>
    </edge>
    <edge id=":14_3" function="internal">
        <lane id=":14_3_0" index="0" speed="13.90" length="5.00" shape="441.95,145.05 443.31,144.86 444.27,144.28 444.86,143.31 445.05,141.95"/>
    </edge>
    <edge id=":14_4" function="internal">
        <lane id=":14_4_0" index="0" speed="13.90" length="9.50" shape="441.95,145.05 451.45,145.05"/>
        <lane id=":14_4_1" index="1" speed="13.90" length="9.50" shape="441.95,148.35 451.45,148.35"/>
    </edge>
    <edge id=":15_0" function="internal">
        <lane id=":15_0_0" index="0" speed="13.90" length="5.00" shape="604.95,141.95 605.14,143.31 605.73,144.28 606.69,144.86 608.05,145.05"/>
    </edge>
    <edge id=":15_1" function="internal">
        <lane id=":15_1_0" index="0" speed="13.90" length="9.50" shape="604.95,141.95 604.95,151.45"/>
        <lane id=":15_1_1" index="1" speed="13.90" length="9.50" shape="601.65,141.95 601.65,151.45"/>
    </edge>
    <edge id=":15_3" function="internal">
        <lane id=":15_3_0" index="0" speed="13.90" length="9.50" shape="598.55,145.05 608.05,145.05"/>
        <lane id=":15_3_1" index="1" speed="13.90" length="9.50" shape="598.55,148.35 608.05,148.35"/>
    </edge>
    <edge id=":15_5" function="internal">
        <lane id=":15_5_0" index="0" speed="13.90" length="5.00" shape="598.55,148.35 599.91,148.54 600.88,149.12 601.46,150.09 601.65,151.45"/>
    </edge>
    <edge id=":16_0" function="internal">
        <lane id=":16_0_0" index="0" speed="13.90" length="2.58" shape="154.95,743.45 155.05,744.15 155.35,744.65 155.85,744.95 156.55,745.05"/>
    </edge>
    <edge id=":16_1" function="internal">
        <lane id=":16_1_0" index="0" speed="13.90" length="7.90" shape="151.65,743.45 151.96,745.59 152.88,747.12 154.41,748.04 156.55,748.35"/>
    </edge>
    <edge id=":17_0" function="internal">
        <lane id=":17_0_0" index="0" speed="13.90" length="2.58" shape="293.45,745.05 294.15,744.95 294.65,744.65 294.95,744.15 295.05,743.45"/>
    </edge>
    <edge id=":17_1" function="internal">
        <lane id=":17_1_0" index="0" speed="13.90" length="7.90" shape="293.45,748.35 295.59,748.04 297.12,747.12 298.04,745.59 298.35,743.45"/>
    </edge>
    <edge id=":18_0" function="internal">
        <lane id=":18_0_0" index="0" speed="13.90" length="7.90" shape="449.95,754.95 447.81,754.64 446.28,753.73 445.36,752.19 445.05,750.05"/>
    </edge>
    <edge id=":18_1" function="internal">
        <lane id=":18_1_0" index="0" speed="13.90" length="2.58" shape="449.95,751.65 449.25,751.55 448.75,751.25 448.45,750.75 448.35,750.05"/>
    </edge>
    <edge id=":19_0" function="internal">
        <lane id=":19_0_0" index="0" speed="13.90" length="7.90" shape="604.95,750.05 604.64,752.19 603.73,753.72 602.19,754.64 600.05,754.95"/>
    </edge>
    <edge id=":19_1" function="internal">
        <lane id=":19_1_0" index="0" speed="13.90" length="2.58" shape="601.65,750.05 601.55,750.75 601.25,751.25 600.75,751.55 600.05,751.65"/>
    </edge>
    <edge id=":2_0" function="internal">
        <lane id=":2_0_0" index="0" speed="13.90" length="9.50" shape="445.05,601.45 445.05,591.95"/>
        <lane id=":2_0_1" index="1" speed="13.90" length="9.50" shape="448.35,601.45 448.35,591.95"/>
    </edge>
    <edge id=":2_2" function="internal">
        <lane id=":2_2_0" index="0" speed="13.90" length="5.00" shape="448.35,601.45 448.54,600.09 449.13,599.12 450.09,598.54 451.45,598.35"/>
    </edge>
    <edge id=":2_3" function="internal">
        <lane id=":2_3_0" index="0" speed="13.90" length="5.00" shape="441.95,595.05 443.31,594.86 444.27,594.27 444.86,593.31 445.05,591.95"/>
    </edge>
    <edge id=":2_4" function="internal">
        <lane id=":2_4_0" index="0" speed="13.90" length="9.50" shape="441.95,595.05 451.45,595.05"/>
        <lane id=":2_4_1" index="1" speed="13.90" length="9.50" shape="441.95,598.35 451.45,598.35"/>
    </edge>
    <edge id=":20_0" function="internal">
        <lane id=":20_0_0" index="0" speed="13.90" length="2.58" shape="4.95,593.45 5.05,594.15 5.35,594.65 5.85,594.95 6.55,595.05"/>
    </edge>
    <edge id=":20_1" function="internal">
        <lane id=":20_1_0" index="0" speed="13.90" length="7.90" shape="1.65,593.45 1.96,595.59 2.88,597.12 4.41,598.04 6.55,598.35"/>
    </edge>
    <edge id=":21_0" function="internal">
        <lane id=":21_0_0" index="0" speed="13.90" length="2.58" shape="6.55,454.95 5.85,455.05 5.35,455.35 5.05,455.85 4.95,456.55"/>
    </edge>
    <edge id=":21_1" function="internal">
        <lane id=":21_1_0" index="0" speed="13.90" length="7.90" shape="6.55,451.65 4.41,451.96 2.88,452.87 1.96,454.41 1.65,456.55"/>
    </edge>
    <edge id=":22_0" function="internal">
        <lane id=":22_0_0" index="0" speed="13.90" length="7.90" shape="-0.05,304.95 -2.19,304.64 -3.73,303.72 -4.64,302.19 -4.95,300.05"/>
    </edge>
    <edge id=":22_1" function="internal">
        <lane id=":22_1_0" index="0" speed="13.90" length="2.58" shape="-0.05,301.65 -0.75,301.55 -1.25,301.25 -1.55,300.75 -1.65,300.05"/>
    </edge>
    <edge id=":23_0" function="internal">
        <lane id=":23_0_0" index="0" speed="13.90" length="7.90" shape="-4.95,149.95 -4.64,147.81 -3.72,146.28 -2.19,145.36 -0.05,145.05"/>
    </edge>
    <edge id=":23_1" function="internal">
        <lane id=":23_1_0" index="0" speed="13.90" length="2.58" shape="-1.65,149.95 -1.55,149.25 -1.25,148.75 -0.75,148.45 -0.05,148.35"/>
    </edge>
    <edge id=":24_0" function="internal">
        <lane id=":24_0_0" index="0" speed="13.90" length="2.58" shape="156.55,4.95 155.85,5.05 155.35,5.35 155.05,5.85 154.95,6.55"/>
    </edge>
    <edge id=":24_1" function="internal">
        <lane id=":24_1_0" index="0" speed="13.90" length="7.90" shape="156.55,1.65 154.41,1.96 152.88,2.88 151.96,4.41 151.65,6.55"/>
    </edge>
    <edge id=":25_0" function="internal">
        <lane id=":25_0_0" index="0" speed="13.90" length="2.58" shape="295.05,6.55 294.95,5.85 294.65,5.35 294.15,5.05 293.45,4.95"/>
    </edge>
    <edge id=":25_1" function="internal">
        <lane id=":25_1_0" index="0" speed="13.90" length="7.90" shape="298.35,6.55 298.04,4.41 297.12,2.88 295.59,1.96 293.45,1.65"/>
    </edge>
    <edge id=":26_0" function="internal">
        <lane id=":26_0_0" index="0" speed="13.90" length="7.90" shape="445.05,-0.05 445.36,-2.19 446.28,-3.72 447.81,-4.64 449.95,-4.95"/>
    </edge>
    <edge id=":26_1" function="internal">
        <lane id=":26_1_0" index="0" speed="13.90" length="2.58" shape="448.35,-0.05 448.45,-0.75 448.75,-1.25 449.25,-1.55 449.95,-1.65"/>
    </edge>
    <edge id=":27_0" function="internal">
        <lane id=":27_0_0" index="0" speed="13.90" length="7.90" shape="600.05,-4.95 602.19,-4.64 603.73,-3.72 604.64,-2.19 604.95,-0.05"/>
    </edge>
    <edge id=":27_1" function="internal">
        <lane id=":27_1_0" index="0" speed="13.90" length="2.58" shape="600.05,-1.65 600.75,-1.55 601.25,-1.25 601.55,-0.75 601.65,-0.05"/>
    </edge>
    <edge id=":28_0" function="internal">
        <lane id=":28_0_0" index="0" speed="13.90" length="2.58" shape="743.45,595.05 744.15,594.95 744.65,594.65 744.95,594.15 745.05,593.45"/>
    </edge>
    <edge id=":28_1" function="internal">
        <lane id=":28_1_0" index="0" speed="13.90" length="7.90" shape="743.45,598.35 745.59,598.04 747.12,597.12 748.04,595.59 748.35,593.45"/>
    </edge>
    <edge id=":29_0" function="internal">
        <lane id=":29_0_0" index="0" speed="13.90" length="2.58" shape="745.05,456.55 744.95,455.85 744.65,455.35 744.15,455.05 743.45,454.95"/>
    </edge>
    <edge id=":29_1" function="internal">
        <lane id=":29_1_0" index="0" speed="13.90" length="7.90" shape="748.35,456.55 748.04,454.41 747.12,452.88 745.59,451.96 743.45,451.65"/>
    </edge>
    <edge id=":3_0" function="internal">
        <lane id=":3_0_0" index="0" speed="13.90" length="5.00" shape="604.95,591.95 605.14,593.31 605.73,594.27 606.69,594.86 608.05,595.05"/>
    </edge>
    <edge id=":3_1" function="internal">
        <lane id=":3_1_0" index="0" speed="13.90" length="9.50" shape="604.95,591.95 604.95,601.45"/>
        <lane id=":3_1_1" index="1" speed="13.90" length="9.50" shape="601.65,591.95 601.65,601.45"/>
    </edge>
    <edge id=":3_3" function="internal">
        <lane id=":3_3_0" index="0" speed="13.90" length="9.50" shape="598.55,595.05 608.05,595.05"/>
        <lane id=":3_3_1" index="1" speed="13.90" length="9.50" shape="598.55,598.35 608.05,598.35"/>
    </edge>
    <edge id=":3_5" function="internal">
        <lane id=":3_5_0" index="0" speed="13.90" length="5.00" shape="598.55,598.35 599.91,598.54 600.88,599.12 601.46,600.09 601.65,601.45"/>
    </edge>
    <edge id=":30_0" function="internal">
        <lane id=":30_0_0" index="0" speed="13.90" length="7.90" shape="754.95,300.05 754.64,302.19 753.73,303.72 752.19,304.64 750.05,304.95"/>
    </edge>
    <edge id=":30_1" function="internal">
        <lane id=":30_1_0" index="0" speed="13.90" length="2.58" shape="751.65,300.05 751.55,300.75 751.25,301.25 750.75,301.55 750.05,301.65"/>
    </edge>
    <edge id=":31_0" function="internal">
        <lane id=":31_0_0" index="0" speed="13.90" length="7.90" shape="750.05,145.05 752.19,145.36 753.72,146.28 754.64,147.81 754.95,149.95"/>
    </edge>
    <edge id=":31_1" function="internal">
        <lane id=":31_1_0" index="0" speed="13.90" length="2.58" shape="750.05,148.35 750.75,148.45 751.25,148.75 751.55,149.25 751.65,149.95"/>
    </edge>
    <edge id=":4_0" function="internal">
        <lane id=":4_0_0" index="0" speed="13.90" length="5.00" shape="158.05,454.95 156.69,455.14 155.72,455.72 155.14,456.69 154.95,458.05"/>
    </edge>
    <edge id=":4_1" function="internal">
        <lane id=":4_1_0" index="0" speed="13.90" length="9.50" shape="158.05,454.95 148.55,454.95"/>
        <lane id=":4_1_1" index="1" speed="13.90" length="9.50" shape="158.05,451.65 148.55,451.65"/>
    </edge>
    <edge id=":4_3" function="internal">
        <lane id=":4_3_0" index="0" speed="13.90" length="9.50" shape="154.95,448.55 154.95,458.05"/>
        <lane id=":4_3_1" index="1" speed="13.90" length="9.50" shape="151.65,448.55 151.65,458.05"/>
    </edge>
    <edge id=":4_5" function="internal">
        <lane id=":4_5_0" index="0" speed="13.90" length="5.00" shape="151.65,448.55 151.46,449.91 150.88,450.88 149.91,451.46 148.55,451.65"/>
    </edge>
    <edge id=":5_0" function="internal">
        <lane id=":5_0_0" index="0" speed="13.90" length="5.00" shape="295.05,458.05 294.86,456.69 294.28,455.73 293.31,455.14 291.95,454.95"/>
    </edge>
    <edge id=":5_1" function="internal">
        <lane id=":5_1_0" index="0" speed="13.90" length="9.50" shape="295.05,458.05 295.05,448.55"/>
        <lane id=":5_1_1" index="1" speed="13.90" length="9.50" shape="298.35,458.05 298.35,448.55"/>
    </edge>
    <edge id=":5_3" function="internal">
        <lane id=":5_3_0" index="0" speed="13.90" length="9.50" shape="301.45,454.95 291.95,454.95"/>
        <lane id=":5_3_1" index="1" speed="13.90" length="9.50" shape="301.45,451.65 291.95,451.65"/>
    </edge>
    <edge id=":5_5" function="internal">
        <lane id=":5_5_0" index="0" speed="13.90" length="5.00" shape="301.45,451.65 300.09,451.46 299.12,450.87 298.54,449.91 298.35,448.55"/>
    </edge>
    <edge id=":6_0" function="internal">
        <lane id=":6_0_0" index="0" speed="13.90" length="5.00" shape="445.05,458.05 444.86,456.69 444.28,455.73 443.31,455.14 441.95,454.95"/>
    </edge>
    <edge id=":6_1" function="internal">
        <lane id=":6_1_0" index="0" speed="13.90" length="9.50" shape="445.05,458.05 445.05,448.55"/>
        <lane id=":6_1_1" index="1" speed="13.90" length="9.50" shape="448.35,458.05 448.35,448.55"/>
    </edge>
    <edge id=":6_3" function="internal">
        <lane id=":6_3_0" index="0" speed="13.90" length="9.50" shape="451.45,454.95 441.95,454.95"/>
        <lane id=":6_3_1" index="1" speed="13.90" length="9.50" shape="451.45,451.65 441.95,451.65"/>
    </edge>
    <edge id=":6_5" function="internal">
        <lane id=":6_5_0" index="0" speed="13.90" length="5.00" shape="451.45,451.65 450.09,451.46 449.12,450.87 448.54,449.91 448.35,448.55"/>
    </edge>
    <edge id=":7_0" function="internal">
        <lane id=":7_0_0" index="0" speed="13.90" length="5.00" shape="608.05,454.95 606.69,455.14 605.73,455.72 605.14,456.69 604.95,458.05"/>
    </edge>
    <edge id=":7_1" function="internal">
        <lane id=":7_1_0" index="0" speed="13.90" length="9.50" shape="608.05,454.95 598.55,454.95"/>
        <lane id=":7_1_1" index="1" speed="13.90" length="9.50" shape="608.05,451.65 598.55,451.65"/>
    </edge>
    <edge id=":7_3" function="internal">
        <lane id=":7_3_0" index="0" speed="13.90" length="9.50" shape="604.95,448.55 604.95,458.05"/>
        <lane id=":7_3_1" index="1" speed="13.90" length="9.50" shape="601.65,448.55 601.65,458.05"/>
    </edge>
    <edge id=":7_5" function="internal">
        <lane id=":7_5_0" index="0" speed="13.90" length="5.00" shape="601.65,448.55 601.46,449.91 600.88,450.88 599.91,451.46 598.55,451.65"/>
    </edge>
    <edge id=":8_0" function="internal">
        <lane id=":8_0_0" index="0" speed="13.90" length="5.00" shape="158.05,304.95 156.69,305.14 155.72,305.72 155.14,306.69 154.95,308.05"/>
    </edge>
    <edge id=":8_1" function="internal">
        <lane id=":8_1_0" index="0" speed="13.90" length="9.50" shape="158.05,304.95 148.55,304.95"/>
        <lane id=":8_1_1" index="1" speed="13.90" length="9.50" shape="158.05,301.65 148.55,301.65"/>
    </edge>
    <edge id=":8_3" function="internal">
        <lane id=":8_3_0" index="0" speed="13.90" length="9.50" shape="154.95,298.55 154.95,308.05"/>
        <lane id=":8_3_1" index="1" speed="13.90" length="9.50" shape="151.65,298.55 151.65,308.05"/>
    </edge>
    <edge id=":8_5" function="internal">
        <lane id=":8_5_0" index="0" speed="13.90" length="5.00" shape="151.65,298.55 151.46,299.91 150.88,300.88 149.91,301.46 148.55,301.65"/>
    </edge>
    <edge id=":9_0" function="internal">
        <lane id=":9_0_0" index="0" speed="13.90" length="5.00" shape="295.05,308.05 294.86,306.69 294.28,305.73 293.31,305.14 291.95,304.95"/>
    </edge>
    <edge id=":9_1" function="internal">
        <lane id=":9_1_0" index="0" speed="13.90" length="9.50" shape="295.05,308.05 295.05,298.55"/>
        <lane id=":9_1_1" index="1" speed="13.90" length="9.50" shape="298.35,308.05 298.35,298.55"/>
    </edge>
    <edge id=":9_3" function="internal">
        <lane id=":9_3_0" index="0" speed="13.90" length="9.50" shape="301.45,304.95 291.95,304.95"/>
        <lane id=":9_3_1" index="1" speed="13.90" length="9.50" shape="301.45,301.65 291.95,301.65"/>
    </edge>
    <edge id=":9_5" function="internal">
        <lane id=":9_5_0" index="0" speed="13.90" length="5.00" shape="301.45,301.65 300.09,301.46 299.12,300.88 298.54,299.91 298.35,298.55"/>
    </edge>

    <edge id="0to1" from="0" to="1" priority="-1">
        <lane id="0to1_0" index="0" speed="13.90" length="133.90" shape="158.05,595.05 291.95,595.05"/>
        <lane id="0to1_1" index="1" speed="13.90" length="133.90" shape="158.05,598.35 291.95,598.35"/>
    </edge>
    <edge id="0to16" from="0" to="16" priority="-1">
        <lane id="0to16_0" index="0" speed="13.90" length="142.00" shape="154.95,601.45 154.95,743.45"/>
        <lane id="0to16_1" index="1" speed="13.90" length="142.00" shape="151.65,601.45 151.65,743.45"/>
    </edge>
    <edge id="10to14" from="10" to="14" priority="-1">
        <lane id="10to14_0" index="0" speed="13.90" length="147.10" shape="445.05,298.55 445.05,151.45"/>
        <lane id="10to14_1" index="1" speed="13.90" length="147.10" shape="448.35,298.55 448.35,151.45"/>
    </edge>
    <edge id="10to9" from="10" to="9" priority="-1">
        <lane id="10to9_0" index="0" speed="13.90" length="140.50" shape="441.95,304.95 301.45,304.95"/>
        <lane id="10to9_1" index="1" speed="13.90" length="140.50" shape="441.95,301.65 301.45,301.65"/>
    </edge>
    <edge id="11to10" from="11" to="10" priority="-1">
        <lane id="11to10_0" index="0" speed="13.90" length="147.10" shape="598.55,304.95 451.45,304.95"/>
        <lane id="11to10_1" index="1" speed="13.90" length="147.10" shape="598.55,301.65 451.45,301.65"/>
    </edge>
    <edge id="11to7" from="11" to="7" priority="-1">
        <lane id="11to7_0" index="0" speed="13.90" length="140.50" shape="604.95,308.05 604.95,448.55"/>
        <lane id="11to7_1" index="1" speed="13.90" length="140.50" shape="601.65,308.05 601.65,448.55"/>
    </edge>
    <edge id="12to13" from="12" to="13" priority="-1">
        <lane id="12to13_0" index="0" speed="13.90" length="133.90" shape="158.05,145.05 291.95,145.05"/>
        <lane id="12to13_1" index="1" speed="13.90" length="133.90" shape="158.05,148.35 291.95,148.35"/>
    </edge>
    <edge id="12to8" from="12" to="8" priority="-1">
        <lane id="12to8_0" index="0" speed="13.90" length="147.10" shape="154.95,151.45 154.95,298.55"/>
        <lane id="12to8_1" index="1" speed="13.90" length="147.10" shape="151.65,151.45 151.65,298.55"/>
    </edge>
    <edge id="13to14" from="13" to="14" priority="-1">
        <lane id="13to14_0" index="0" speed="13.90" length="140.50" shape="301.45,145.05 441.95,145.05"/>
        <lane id="13to14_1" index="1" speed="13.90" length="140.50" shape="301.45,148.35 441.95,148.35"/>
    </edge>
    <edge id="13to25" from="13" to="25" priority="-1">
        <lane id="13to25_0" index="0" speed="13.90" length="135.40" shape="295.05,141.95 295.05,6.55"/>
        <lane id="13to25_1" index="1" speed="13.90" length="135.40" shape="298.35,141.95 298.35,6.55"/>
    </edge>
    <edge id="14to15" from="14" to="15" priority="-1">
        <lane id="14to15_0" index="0" speed="13.90" length="147.10" shape="451.45,145.05 598.55,145.05"/>
        <lane id="14to15_1" index="1" speed="13.90" length="147.10" shape="451.45,148.35 598.55,148.35"/>
    </edge>
    <edge id="14to26" from="14" to="26" priority="-1">
        <lane id="14to26_0" index="0" speed="13.90" length="142.00" shape="445.05,141.95 445.05,-0.05"/>
        <lane id="14to26_1" index="1" speed="13.90" length="142.00" shape="448.35,141.95 448.35,-0.05"/>
    </edge>
    <edge id="15to11" from="15" to="11" priority="-1">
        <lane id="15to11_0" index="0" speed="13.90" length="147.10" shape="604.95,151.45 604.95,298.55"/>
        <lane id="15to11_1" index="1" speed="13.90" length="147.10" shape="601.65,151.45 601.65,298.55"/>
    </edge>
    <edge id="15to31" from="15" to="31" priority="-1">
        <lane id="15to31_0" index="0" speed="13.90" length="142.00" shape="608.05,145.05 750.05,145.05"/>
        <lane id="15to31_1" index="1" speed="13.90" length="142.00" shape="608.05,148.35 750.05,148.35"/>
    </edge>
    <edge id="16to17" from="16" to="17" priority="-1">
        <lane id="16to17_0" index="0" speed="13.90" length="136.90" shape="156.55,745.05 293.45,745.05"/>
        <lane id="16to17_1" index="1" speed="13.90" length="136.90" shape="156.55,748.35 293.45,748.35"/>
    </edge>
    <edge id="17to1" from="17" to="1" priority="-1">
        <lane id="17to1_0" index="0" speed="13.90" length="142.00" shape="295.05,743.45 295.05,601.45"/>
        <lane id="17to1_1" index="1" speed="13.90" length="142.00" shape="298.35,743.45 298.35,601.45"/>
    </edge>
    <edge id="18to2" from="18" to="2" priority="-1">
        <lane id="18to2_0" index="0" speed="13.90" length="148.60" shape="445.05,750.05 445.05,601.45"/>
        <lane id="18to2_1" index="1" speed="13.90" length="148.60" shape="448.35,750.05 448.35,601.45"/>
    </edge>
    <edge id="19to18" from="19" to="18" priority="-1">
        <lane id="19to18_0" index="0" speed="13.90" length="150.10" shape="600.05,754.95 449.95,754.95"/>
        <lane id="19to18_1" index="1" speed="13.90" length="150.10" shape="600.05,751.65 449.95,751.65"/>
    </edge>
    <edge id="1to2" from="1" to="2" priority="-1">
        <lane id="1to2_0" index="0" speed="13.90" length="140.50" shape="301.45,595.05 441.95,595.05"/>
        <lane id="1to2_1" index="1" speed="13.90" length="140.50" shape="301.45,598.35 441.95,598.35"/>
    </edge>
    <edge id="1to5" from="1" to="5" priority="-1">
        <lane id="1to5_0" index="0" speed="13.90" length="133.90" shape="295.05,591.95 295.05,458.05"/>
        <lane id="1to5_1" index="1" speed="13.90" length="133.90" shape="298.35,591.95 298.35,458.05"/>
    </edge>
    <edge id="20to0" from="20" to="0" priority="-1">
        <lane id="20to0_0" index="0" speed="13.90" length="142.00" shape="6.55,595.05 148.55,595.05"/>
        <lane id="20to0_1" index="1" speed="13.90" length="142.00" shape="6.55,598.35 148.55,598.35"/>
    </edge>
    <edge id="21to20" from="21" to="20" priority="-1">
        <lane id="21to20_0" index="0" speed="13.90" length="136.90" shape="4.95,456.55 4.95,593.45"/>
        <lane id="21to20_1" index="1" speed="13.90" length="136.90" shape="1.65,456.55 1.65,593.45"/>
    </edge>
    <edge id="22to23" from="22" to="23" priority="-1">
        <lane id="22to23_0" index="0" speed="13.90" length="150.10" shape="-4.95,300.05 -4.95,149.95"/>
        <lane id="22to23_1" index="1" speed="13.90" length="150.10" shape="-1.65,300.05 -1.65,149.95"/>
    </edge>
    <edge id="23to12" from="23" to="12" priority="-1">
        <lane id="23to12_0" index="0" speed="13.90" length="148.60" shape="-0.05,145.05 148.55,145.05"/>
        <lane id="23to12_1" index="1" speed="13.90" length="148.60" shape="-0.05,148.35 148.55,148.35"/>
    </edge>
    <edge id="24to12" from="24" to="12" priority="-1">
        <lane id="24to12_0" index="0" speed="13.90" length="135.40" shape="154.95,6.55 154.95,141.95"/>
        <lane id="24to12_1" index="1" speed="13.90" length="135.40" shape="151.65,6.55 151.65,141.95"/>
    </edge>
    <edge id="25to24" from="25" to="24" priority="-1">
        <lane id="25to24_0" index="0" speed="13.90" length="136.90" shape="293.45,4.95 156.55,4.95"/>
        <lane id="25to24_1" index="1" speed="13.90" length="136.90" shape="293.45,1.65 156.55,1.65"/>
    </edge>
    <edge id="26to27" from="26" to="27" priority="-1">
        <lane id="26to27_0" index="0" speed="13.90" length="150.10" shape="449.95,-4.95 600.05,-4.95"/>
        <lane id="26to27_1" index="1" speed="13.90" length="150.10" shape="449.95,-1.65 600.05,-1.65"/>
    </edge>
    <edge id="27to15" from="27" to="15" priority="-1">
        <lane id="27to15_0" index="0" speed="13.90" length="142.00" shape="604.95,-0.05 604.95,141.95"/>
        <lane id="27to15_1" index="1" speed="13.90" length="142.00" shape="601.65,-0.05 601.65,141.95"/>
    </edge>
    <edge id="28to29" from="28" to="29" priority="-1">
        <lane id="28to29_0" index="0" speed="13.90" length="136.90" shape="745.05,593.45 745.05,456.55"/>
        <lane id="28to29_1" index="1" speed="13.90" length="136.90" shape="748.35,593.45 748.35,456.55"/>
    </edge>
    <edge id="29to7" from="29" to="7" priority="-1">
        <lane id="29to7_0" index="0" speed="13.90" length="135.40" shape="743.45,454.95 608.05,454.95"/>
        <lane id="29to7_1" index="1" speed="13.90" length="135.40" shape="743.45,451.65 608.05,451.65"/>
    </edge>
    <edge id="2to3" from="2" to="3" priority="-1">
        <lane id="2to3_0" index="0" speed="13.90" length="147.10" shape="451.45,595.05 598.55,595.05"/>
        <lane id="2to3_1" index="1" speed="13.90" length="147.10" shape="451.45,598.35 598.55,598.35"/>
    </edge>
    <edge id="2to6" from="2" to="6" priority="-1">
        <lane id="2to6_0" index="0" speed="13.90" length="133.90" shape="445.05,591.95 445.05,458.05"/>
        <lane id="2to6_1" index="1" speed="13.90" length="133.90" shape="448.35,591.95 448.35,458.05"/>
    </edge>
    <edge id="30to11" from="30" to="11" priority="-1">
        <lane id="30to11_0" index="0" speed="13.90" length="142.00" shape="750.05,304.95 608.05,304.95"/>
        <lane id="30to11_1" index="1" speed="13.90" length="142.00" shape="750.05,301.65 608.05,301.65"/>
    </edge>
    <edge id="31to30" from="31" to="30" priority="-1">
        <lane id="31to30_0" index="0" speed="13.90" length="150.10" shape="754.95,149.95 754.95,300.05"/>
        <lane id="31to30_1" index="1" speed="13.90" length="150.10" shape="751.65,149.95 751.65,300.05"/>
    </edge>
    <edge id="3to19" from="3" to="19" priority="-1">
        <lane id="3to19_0" index="0" speed="13.90" length="148.60" shape="604.95,601.45 604.95,750.05"/>
        <lane id="3to19_1" index="1" speed="13.90" length="148.60" shape="601.65,601.45 601.65,750.05"/>
    </edge>
    <edge id="3to28" from="3" to="28" priority="-1">
        <lane id="3to28_0" index="0" speed="13.90" length="135.40" shape="608.05,595.05 743.45,595.05"/>
        <lane id="3to28_1" index="1" speed="13.90" length="135.40" shape="608.05,598.35 743.45,598.35"/>
    </edge>
    <edge id="4to0" from="4" to="0" priority="-1">
        <lane id="4to0_0" index="0" speed="13.90" length="133.90" shape="154.95,458.05 154.95,591.95"/>
        <lane id="4to0_1" index="1" speed="13.90" length="133.90" shape="151.65,458.05 151.65,591.95"/>
    </edge>
    <edge id="4to21" from="4" to="21" priority="-1">
        <lane id="4to21_0" index="0" speed="13.90" length="142.00" shape="148.55,454.95 6.55,454.95"/>
        <lane id="4to21_1" index="1" speed="13.90" length="142.00" shape="148.55,451.65 6.55,451.65"/>
    </edge>
    <edge id="5to4" from="5" to="4" priority="-1">
        <lane id="5to4_0" index="0" speed="13.90" length="133.90" shape="291.95,454.95 158.05,454.95"/>
        <lane id="5to4_1" index="1" speed="13.90" length="133.90" shape="291.95,451.65 158.05,451.65"/>
    </edge>
    <edge id="5to9" from="5" to="9" priority="-1">
        <lane id="5to9_0" index="0" speed="13.90" length="140.50" shape="295.05,448.55 295.05,308.05"/>
        <lane id="5to9_1" index="1" speed="13.90" length="140.50" shape="298.35,448.55 298.35,308.05"/>
    </edge>
    <edge id="6to10" from="6" to="10" priority="-1">
        <lane id="6to10_0" index="0" speed="13.90" length="140.50" shape="445.05,448.55 445.05,308.05"/>
        <lane id="6to10_1" index="1" speed="13.90" length="140.50" shape="448.35,448.55 448.35,308.05"/>
    </edge>
    <edge id="6to5" from="6" to="5" priority="-1">
        <lane id="6to5_0" index="0" speed="13.90" length="140.50" shape="441.95,454.95 301.45,454.95"/>
        <lane id="6to5_1" index="1" speed="13.90" length="140.50" shape="441.95,451.65 301.45,451.65"/>
    </edge>
    <edge id="7to3" from="7" to="3" priority="-1">
        <lane id="7to3_0" index="0" speed="13.90" length="133.90" shape="604.95,458.05 604.95,591.95"/>
        <lane id="7to3_1" index="1" speed="13.90" length="133.90" shape="601.65,458.05 601.65,591.95"/>
    </edge>
    <edge id="7to6" from="7" to="6" priority="-1">
        <lane id="7to6_0" index="0" speed="13.90" length="147.10" shape="598.55,454.95 451.45,454.95"/>
        <lane id="7to6_1" index="1" speed="13.90" length="147.10" shape="598.55,451.65 451.45,451.65"/>
    </edge>
    <edge id="8to22" from="8" to="22" priority="-1">
        <lane id="8to22_0" index="0" speed="13.90" length="148.60" shape="148.55,304.95 -0.05,304.95"/>
        <lane id="8to22_1" index="1" speed="13.90" length="148.60" shape="148.55,301.65 -0.05,301.65"/>
    </edge>
    <edge id="8to4" from="8" to="4" priority="-1">
        <lane id="8to4_0" index="0" speed="13.90" length="140.50" shape="154.95,308.05 154.95,448.55"/>
        <lane id="8to4_1" index="1" speed="13.90" length="140.50" shape="151.65,308.05 151.65,448.55"/>
    </edge>
    <edge id="9to13" from="9" to="13" priority="-1">
        <lane id="9to13_0" index="0" speed="13.90" length="147.10" shape="295.05,298.55 295.05,151.45"/>
        <lane id="9to13_1" index="1" speed="13.90" length="147.10" shape="298.35,298.55 298.35,151.45"/>
    </edge>
    <edge id="9to8" from="9" to="8" priority="-1">
        <lane id="9to8_0" index="0" speed="13.90" length="133.90" shape="291.95,304.95 158.05,304.95"/>
        <lane id="9to8_1" index="1" speed="13.90" length="133.90" shape="291.95,301.65 158.05,301.65"/>
    </edge>

    <tlLogic id="0" type="static" programID="0" offset="0">
        <phase duration="30" state="GGGrrr"/>
        <phase duration="1" state="yyyrrr"/>
        <phase duration="30" state="rrrGGG"/>
        <phase duration="1" state="rrryyy"/>
    </tlLogic>
    <tlLogic id="1" type="static" programID="0" offset="0">
        <phase duration="30" state="GGGrrr"/>
        <phase duration="1" state="yyyrrr"/>
        <phase duration="30" state="rrrGGG"/>
        <phase duration="1" state="rrryyy"/>
    </tlLogic>
    <tlLogic id="10" type="static" programID="0" offset="0">
        <phase duration="30" state="GGGrrr"/>
        <phase duration="1" state="yyyrrr"/>
        <phase duration="30" state="rrrGGG"/>
        <phase duration="1" state="rrryyy"/>
    </tlLogic>
    <tlLogic id="11" type="static" programID="0" offset="0">
        <phase duration="30" state="GGGrrr"/>
        <phase duration="1" state="yyyrrr"/>
        <phase duration="30" state="rrrGGG"/>
        <phase duration="1" state="rrryyy"/>
    </tlLogic>
    <tlLogic id="12" type="static" programID="0" offset="0">
        <phase duration="30" state="GGGrrr"/>
        <phase duration="1" state="yyyrrr"/>
        <phase duration="30" state="rrrGGG"/>
        <phase duration="1" state="rrryyy"/>
    </tlLogic>
    <tlLogic id="13" type="static" programID="0" offset="0">
        <phase duration="30" state="GGGrrr"/>
        <phase duration="1" state="yyyrrr"/>
        <phase duration="30" state="rrrGGG"/>
        <phase duration="1" state="rrryyy"/>
    </tlLogic>
    <tlLogic id="14" type="static" programID="0" offset="0">
        <phase duration="30" state="GGGrrr"/>
        <phase duration="1" state="yyyrrr"/>
        <phase duration="30" state="rrrGGG"/>
        <phase duration="1" state="rrryyy"/>
    </tlLogic>
    <tlLogic id="15" type="static" programID="0" offset="0">
        <phase duration="30" state="GGGrrr"/>
        <phase duration="1" state="yyyrrr"/>
        <phase duration="30" state="rrrGGG"/>
        <phase duration="1" state="rrryyy"/>
    </tlLogic>
    <tlLogic id="2" type="static" programID="0" offset="0">
        <phase duration="30" state="GGGrrr"/>
        <phase duration="1" state="yyyrrr"/>
        <phase duration="30" state="rrrGGG"/>
        <phase duration="1" state="rrryyy"/>
    </tlLogic>
    <tlLogic id="3" type="static" programID="0" offset="0">
        <phase duration="30" state="GGGrrr"/>
        <phase duration="1" state="yyyrrr"/>
        <phase duration="30" state="rrrGGG"/>
        <phase duration="1" state="rrryyy"/>
    </tlLogic>
    <tlLogic id="4" type="static" programID="0" offset="0">
        <phase duration="30" state="GGGrrr"/>
        <phase duration="1" state="yyyrrr"/>
        <phase duration="30" state="rrrGGG"/>
        <phase duration="1" state="rrryyy"/>
    </tlLogic>
    <tlLogic id="5" type="static" programID="0" offset="0">
        <phase duration="30" state="GGGrrr"/>
        <phase duration="1" state="yyyrrr"/>
        <phase duration="30" state="rrrGGG"/>
        <phase duration="1" state="rrryyy"/>
    </tlLogic>
    <tlLogic id="6" type="static" programID="0" offset="0">
        <phase duration="30" state="GGGrrr"/>
        <phase duration="1" state="yyyrrr"/>
        <phase duration="30" state="rrrGGG"/>
        <phase duration="1" state="rrryyy"/>
    </tlLogic>
    <tlLogic id="7" type="static" programID="0" offset="0">
        <phase duration="30" state="GGGrrr"/>
        <phase duration="1" state="yyyrrr"/>
        <phase duration="30" state="rrrGGG"/>
        <phase duration="1" state="rrryyy"/>
    </tlLogic>
    <tlLogic id="8" type="static" programID="0" offset="0">
        <phase duration="30" state="GGGrrr"/>
        <phase duration="1" state="yyyrrr"/>
        <phase duration="30" state="rrrGGG"/>
        <phase duration="1" state="rrryyy"/>
    </tlLogic>
    <tlLogic id="9" type="static" programID="0" offset="0">
        <phase duration="30" state="GGGrrr"/>
        <phase duration="1" state="yyyrrr"/>
        <phase duration="30" state="rrrGGG"/>
        <phase duration="1" state="rrryyy"/>
    </tlLogic>

    <junction id="0" type="traffic_light" x="150.00" y="600.00" incLanes="4to0_0 4to0_1 20to0_0 20to0_1" intLanes=":0_0_0 :0_1_0 :0_1_1 :0_3_0 :0_3_1 :0_5_0" shape="150.05,601.45 156.55,601.45 158.05,599.95 158.05,593.45 156.55,591.95 150.05,591.95 148.55,593.45 148.55,599.95">
        <request index="0" response="000000" foes="011000" cont="0"/>
        <request index="1" response="000000" foes="111000" cont="0"/>
        <request index="2" response="000000" foes="111000" cont="0"/>
        <request index="3" response="000111" foes="000111" cont="0"/>
        <request index="4" response="000111" foes="000111" cont="0"/>
        <request index="5" response="000110" foes="000110" cont="0"/>
    </junction>
    <junction id="1" type="traffic_light" x="300.00" y="600.00" incLanes="17to1_0 17to1_1 0to1_0 0to1_1" intLanes=":1_0_0 :1_0_1 :1_2_0 :1_3_0 :1_4_0 :1_4_1" shape="293.45,601.45 299.95,601.45 301.45,599.95 301.45,593.45 299.95,591.95 293.45,591.95 291.95,593.45 291.95,599.95">
        <request index="0" response="111000" foes="111000" cont="0"/>
        <request index="1" response="111000" foes="111000" cont="0"/>
        <request index="2" response="110000" foes="110000" cont="0"/>
        <request index="3" response="000000" foes="000011" cont="0"/>
        <request index="4" response="000000" foes="000111" cont="0"/>
        <request index="5" response="000000" foes="000111" cont="0"/>
    </junction>
    <junction id="10" type="traffic_light" x="450.00" y="300.00" incLanes="6to10_0 6to10_1 11to10_0 11to10_1" intLanes=":10_0_0 :10_1_0 :10_1_1 :10_3_0 :10_3_1 :10_5_0" shape="443.45,308.05 449.95,308.05 451.45,306.55 451.45,300.05 449.95,298.55 443.45,298.55 441.95,300.05 441.95,306.55">
        <request index="0" response="000000" foes="011000" cont="0"/>
        <request index="1" response="000000" foes="111000" cont="0"/>
        <request index="2" response="000000" foes="111000" cont="0"/>
        <request index="3" response="000111" foes="000111" cont="0"/>
        <request index="4" response="000111" foes="000111" cont="0"/>
        <request index="5" response="000110" foes="000110" cont="0"/>
    </junction>
    <junction id="11" type="traffic_light" x="600.00" y="300.00" incLanes="30to11_0 30to11_1 15to11_0 15to11_1" intLanes=":11_0_0 :11_1_0 :11_1_1 :11_3_0 :11_3_1 :11_5_0" shape="600.05,308.05 606.55,308.05 608.05,306.55 608.05,300.05 606.55,298.55 600.05,298.55 598.55,300.05 598.55,306.55">
        <request index="0" response="000000" foes="011000" cont="0"/>
        <request index="1" response="000000" foes="111000" cont="0"/>
        <request index="2" response="000000" foes="111000" cont="0"/>
        <request index="3" response="000111" foes="000111" cont="0"/>
        <request index="4" response="000111" foes="000111" cont="0"/>
        <request index="5" response="000110" foes="000110" cont="0"/>
    </junction>
    <junction id="12" type="traffic_light" x="150.00" y="150.00" incLanes="24to12_0 24to12_1 23to12_0 23to12_1" intLanes=":12_0_0 :12_1_0 :12_1_1 :12_3_0 :12_3_1 :12_5_0" shape="150.05,151.45 156.55,151.45 158.05,149.95 158.05,143.45 156.55,141.95 150.05,141.95 148.55,143.45 148.55,149.95">
        <request index="0" response="000000" foes="011000" cont="0"/>
        <request index="1" response="000000" foes="111000" cont="0"/>
        <request index="2" response="000000" foes="111000" cont="0"/>
        <request index="3" response="000111" foes="000111" cont="0"/>
        <request index="4" response="000111" foes="000111" cont="0"/>
        <request index="5" response="000110" foes="000110" cont="0"/>
    </junction>
    <junction id="13" type="traffic_light" x="300.00" y="150.00" incLanes="9to13_0 9to13_1 12to13_0 12to13_1" intLanes=":13_0_0 :13_0_1 :13_2_0 :13_3_0 :13_4_0 :13_4_1" shape="293.45,151.45 299.95,151.45 301.45,149.95 301.45,143.45 299.95,141.95 293.45,141.95 291.95,143.45 291.95,149.95">
        <request index="0" response="111000" foes="111000" cont="0"/>
        <request index="1" response="111000" foes="111000" cont="0"/>
        <request index="2" response="110000" foes="110000" cont="0"/>
        <request index="3" response="000000" foes="000011" cont="0"/>
        <request index="4" response="000000" foes="000111" cont="0"/>
        <request index="5" response="000000" foes="000111" cont="0"/>
    </junction>
    <junction id="14" type="traffic_light" x="450.00" y="150.00" incLanes="10to14_0 10to14_1 13to14_0 13to14_1" intLanes=":14_0_0 :14_0_1 :14_2_0 :14_3_0 :14_4_0 :14_4_1" shape="443.45,151.45 449.95,151.45 451.45,149.95 451.45,143.45 449.95,141.95 443.45,141.95 441.95,143.45 441.95,149.95">
        <request index="0" response="111000" foes="111000" cont="0"/>
        <request index="1" response="111000" foes="111000" cont="0"/>
        <request index="2" response="110000" foes="110000" cont="0"/>
        <request index="3" response="000000" foes="000011" cont="0"/>
        <request index="4" response="000000" foes="000111" cont="0"/>
        <request index="5" response="000000" foes="000111" cont="0"/>
    </junction>
    <junction id="15" type="traffic_light" x="600.00" y="150.00" incLanes="27to15_0 27to15_1 14to15_0 14to15_1" intLanes=":15_0_0 :15_1_0 :15_1_1 :15_3_0 :15_3_1 :15_5_0" shape="600.05,151.45 606.55,151.45 608.05,149.95 608.05,143.45 606.55,141.95 600.05,141.95 598.55,143.45 598.55,149.95">
        <request index="0" response="000000" foes="011000" cont="0"/>
        <request index="1" response="000000" foes="111000" cont="0"/>
        <request index="2" response="000000" foes="111000" cont="0"/>
        <request index="3" response="000111" foes="000111" cont="0"/>
        <request index="4" response="000111" foes="000111" cont="0"/>
        <request index="5" response="000110" foes="000110" cont="0"/>
    </junction>
    <junction id="16" type="priority" x="150.00" y="750.00" incLanes="0to16_0 0to16_1" intLanes=":16_0_0 :16_1_0" shape="156.55,749.95 156.55,743.45 150.05,743.45">
        <request index="0" response="00" foes="00" cont="0"/>
        <request index="1" response="00" foes="00" cont="0"/>
    </junction>
    <junction id="17" type="priority" x="300.00" y="750.00" incLanes="16to17_0 16to17_1" intLanes=":17_0_0 :17_1_0" shape="299.95,743.45 293.45,743.45 293.45,749.95">
        <request index="0" response="00" foes="00" cont="0"/>
        <request index="1" response="00" foes="00" cont="0"/>
    </junction>
    <junction id="18" type="priority" x="450.00" y="750.00" incLanes="19to18_0 19to18_1" intLanes=":18_0_0 :18_1_0" shape="449.95,756.55 449.95,750.05 443.45,750.05">
        <request index="0" response="00" foes="00" cont="0"/>
        <request index="1" response="00" foes="00" cont="0"/>
    </junction>
    <junction id="19" type="priority" x="600.00" y="750.00" incLanes="3to19_0 3to19_1" intLanes=":19_0_0 :19_1_0" shape="606.55,750.05 600.05,750.05 600.05,756.55">
        <request index="0" response="00" foes="00" cont="0"/>
        <request index="1" response="00" foes="00" cont="0"/>
    </junction>
    <junction id="2" type="traffic_light" x="450.00" y="600.00" incLanes="18to2_0 18to2_1 1to2_0 1to2_1" intLanes=":2_0_0 :2_0_1 :2_2_0 :2_3_0 :2_4_0 :2_4_1" shape="443.45,601.45 449.95,601.45 451.45,599.95 451.45,593.45 449.95,591.95 443.45,591.95 441.95,593.45 441.95,599.95">
        <request index="0" response="111000" foes="111000" cont="0"/>
        <request index="1" response="111000" foes="111000" cont="0"/>
        <request index="2" response="110000" foes="110000" cont="0"/>
        <request index="3" response="000000" foes="000011" cont="0"/>
        <request index="4" response="000000" foes="000111" cont="0"/>
        <request index="5" response="000000" foes="000111" cont="0"/>
    </junction>
    <junction id="20" type="priority" x="0.00" y="600.00" incLanes="21to20_0 21to20_1" intLanes=":20_0_0 :20_1_0" shape="6.55,599.95 6.55,593.45 0.05,593.45">
        <request index="0" response="00" foes="00" cont="0"/>
        <request index="1" response="00" foes="00" cont="0"/>
    </junction>
    <junction id="21" type="priority" x="0.00" y="450.00" incLanes="4to21_0 4to21_1" intLanes=":21_0_0 :21_1_0" shape="0.05,456.55 6.55,456.55 6.55,450.05">
        <request index="0" response="00" foes="00" cont="0"/>
        <request index="1" response="00" foes="00" cont="0"/>
    </junction>
    <junction id="22" type="priority" x="0.00" y="300.00" incLanes="8to22_0 8to22_1" intLanes=":22_0_0 :22_1_0" shape="-0.05,306.55 -0.05,300.05 -6.55,300.05">
        <request index="0" response="00" foes="00" cont="0"/>
        <request index="1" response="00" foes="00" cont="0"/>
    </junction>
    <junction id="23" type="priority" x="0.00" y="150.00" incLanes="22to23_0 22to23_1" intLanes=":23_0_0 :23_1_0" shape="-6.55,149.95 -0.05,149.95 -0.05,143.45">
        <request index="0" response="00" foes="00" cont="0"/>
        <request index="1" response="00" foes="00" cont="0"/>
    </junction>
    <junction id="24" type="priority" x="150.00" y="0.00" incLanes="25to24_0 25to24_1" intLanes=":24_0_0 :24_1_0" shape="150.05,6.55 156.55,6.55 156.55,0.05">
        <request index="0" response="00" foes="00" cont="0"/>
        <request index="1" response="00" foes="00" cont="0"/>
    </junction>
    <junction id="25" type="priority" x="300.00" y="0.00" incLanes="13to25_0 13to25_1" intLanes=":25_0_0 :25_1_0" shape="293.45,6.55 299.95,6.55 293.45,0.05">
        <request index="0" response="00" foes="00" cont="0"/>
        <request index="1" response="00" foes="00" cont="0"/>
    </junction>
    <junction id="26" type="priority" x="450.00" y="0.00" incLanes="14to26_0 14to26_1" intLanes=":26_0_0 :26_1_0" shape="443.45,-0.05 449.95,-0.05 449.95,-6.55">
        <request index="0" response="00" foes="00" cont="0"/>
        <request index="1" response="00" foes="00" cont="0"/>
    </junction>
    <junction id="27" type="priority" x="600.00" y="0.00" incLanes="26to27_0 26to27_1" intLanes=":27_0_0 :27_1_0" shape="600.05,-0.05 606.55,-0.05 600.05,-6.55">
        <request index="0" response="00" foes="00" cont="0"/>
        <request index="1" response="00" foes="00" cont="0"/>
    </junction>
    <junction id="28" type="priority" x="750.00" y="600.00" incLanes="3to28_0 3to28_1" intLanes=":28_0_0 :28_1_0" shape="749.95,593.45 743.45,593.45 743.45,599.95">
        <request index="0" response="00" foes="00" cont="0"/>
        <request index="1" response="00" foes="00" cont="0"/>
    </junction>
    <junction id="29" type="priority" x="750.00" y="450.00" incLanes="28to29_0 28to29_1" intLanes=":29_0_0 :29_1_0" shape="743.45,456.55 749.95,456.55 743.45,450.05">
        <request index="0" response="00" foes="00" cont="0"/>
        <request index="1" response="00" foes="00" cont="0"/>
    </junction>
    <junction id="3" type="traffic_light" x="600.00" y="600.00" incLanes="7to3_0 7to3_1 2to3_0 2to3_1" intLanes=":3_0_0 :3_1_0 :3_1_1 :3_3_0 :3_3_1 :3_5_0" shape="600.05,601.45 606.55,601.45 608.05,599.95 608.05,593.45 606.55,591.95 600.05,591.95 598.55,593.45 598.55,599.95">
        <request index="0" response="000000" foes="011000" cont="0"/>
        <request index="1" response="000000" foes="111000" cont="0"/>
        <request index="2" response="000000" foes="111000" cont="0"/>
        <request index="3" response="000111" foes="000111" cont="0"/>
        <request index="4" response="000111" foes="000111" cont="0"/>
        <request index="5" response="000110" foes="000110" cont="0"/>
    </junction>
    <junction id="30" type="priority" x="750.00" y="300.00" incLanes="31to30_0 31to30_1" intLanes=":30_0_0 :30_1_0" shape="756.55,300.05 750.05,300.05 750.05,306.55">
        <request index="0" response="00" foes="00" cont="0"/>
        <request index="1" response="00" foes="00" cont="0"/>
    </junction>
    <junction id="31" type="priority" x="750.00" y="150.00" incLanes="15to31_0 15to31_1" intLanes=":31_0_0 :31_1_0" shape="750.05,149.95 756.55,149.95 750.05,143.45">
        <request index="0" response="00" foes="00" cont="0"/>
        <request index="1" response="00" foes="00" cont="0"/>
    </junction>
    <junction id="4" type="traffic_light" x="150.00" y="450.00" incLanes="5to4_0 5to4_1 8to4_0 8to4_1" intLanes=":4_0_0 :4_1_0 :4_1_1 :4_3_0 :4_3_1 :4_5_0" shape="150.05,458.05 156.55,458.05 158.05,456.55 158.05,450.05 156.55,448.55 150.05,448.55 148.55,450.05 148.55,456.55">
        <request index="0" response="000000" foes="011000" cont="0"/>
        <request index="1" response="000000" foes="111000" cont="0"/>
        <request index="2" response="000000" foes="111000" cont="0"/>
        <request index="3" response="000111" foes="000111" cont="0"/>
        <request index="4" response="000111" foes="000111" cont="0"/>
        <request index="5" response="000110" foes="000110" cont="0"/>
    </junction>
    <junction id="5" type="traffic_light" x="300.00" y="450.00" incLanes="1to5_0 1to5_1 6to5_0 6to5_1" intLanes=":5_0_0 :5_1_0 :5_1_1 :5_3_0 :5_3_1 :5_5_0" shape="293.45,458.05 299.95,458.05 301.45,456.55 301.45,450.05 299.95,448.55 293.45,448.55 291.95,450.05 291.95,456.55">
        <request index="0" response="000000" foes="011000" cont="0"/>
        <request index="1" response="000000" foes="111000" cont="0"/>
        <request index="2" response="000000" foes="111000" cont="0"/>
        <request index="3" response="000111" foes="000111" cont="0"/>
        <request index="4" response="000111" foes="000111" cont="0"/>
        <request index="5" response="000110" foes="000110" cont="0"/>
    </junction>
    <junction id="6" type="traffic_light" x="450.00" y="450.00" incLanes="2to6_0 2to6_1 7to6_0 7to6_1" intLanes=":6_0_0 :6_1_0 :6_1_1 :6_3_0 :6_3_1 :6_5_0" shape="443.45,458.05 449.95,458.05 451.45,456.55 451.45,450.05 449.95,448.55 443.45,448.55 441.95,450.05 441.95,456.55">
        <request index="0" response="000000" foes="011000" cont="0"/>
        <request index="1" response="000000" foes="111000" cont="0"/>
        <request index="2" response="000000" foes="111000" cont="0"/>
        <request index="3" response="000111" foes="000111" cont="0"/>
        <request index="4" response="000111" foes="000111" cont="0"/>
        <request index="5" response="000110" foes="000110" cont="0"/>
    </junction>
    <junction id="7" type="traffic_light" x="600.00" y="450.00" incLanes="29to7_0 29to7_1 11to7_0 11to7_1" intLanes=":7_0_0 :7_1_0 :7_1_1 :7_3_0 :7_3_1 :7_5_0" shape="600.05,458.05 606.55,458.05 608.05,456.55 608.05,450.05 606.55,448.55 600.05,448.55 598.55,450.05 598.55,456.55">
        <request index="0" response="000000" foes="011000" cont="0"/>
        <request index="1" response="000000" foes="111000" cont="0"/>
        <request index="2" response="000000" foes="111000" cont="0"/>
        <request index="3" response="000111" foes="000111" cont="0"/>
        <request index="4" response="000111" foes="000111" cont="0"/>
        <request index="5" response="000110" foes="000110" cont="0"/>
    </junction>
    <junction id="8" type="traffic_light" x="150.00" y="300.00" incLanes="9to8_0 9to8_1 12to8_0 12to8_1" intLanes=":8_0_0 :8_1_0 :8_1_1 :8_3_0 :8_3_1 :8_5_0" shape="150.05,308.05 156.55,308.05 158.05,306.55 158.05,300.05 156.55,298.55 150.05,298.55 148.55,300.05 148.55,306.55">
        <request index="0" response="000000" foes="011000" cont="0"/>
        <request index="1" response="000000" foes="111000" cont="0"/>
        <request index="2" response="000000" foes="111000" cont="0"/>
        <request index="3" response="000111" foes="000111" cont="0"/>
        <request index="4" response="000111" foes="000111" cont="0"/>
        <request index="5" response="000110" foes="000110" cont="0"/>
    </junction>
    <junction id="9" type="traffic_light" x="300.00" y="300.00" incLanes="5to9_0 5to9_1 10to9_0 10to9_1" intLanes=":9_0_0 :9_1_0 :9_1_1 :9_3_0 :9_3_1 :9_5_0" shape="293.45,308.05 299.95,308.05 301.45,306.55 301.45,300.05 299.95,298.55 293.45,298.55 291.95,300.05 291.95,306.55">
        <request index="0" response="000000" foes="011000" cont="0"/>
        <request index="1" response="000000" foes="111000" cont="0"/>
        <request index="2" response="000000" foes="111000" cont="0"/>
        <request index="3" response="000111" foes="000111" cont="0"/>
        <request index="4" response="000111" foes="000111" cont="0"/>
        <request index="5" response="000110" foes="000110" cont="0"/>
    </junction>

    <connection from="0to1" to="1to5" fromLane="0" toLane="0" via=":1_3_0" tl="1" linkIndex="3" dir="r" state="o"/>
    <connection from="0to1" to="1to2" fromLane="0" toLane="0" via=":1_4_0" tl="1" linkIndex="4" dir="s" state="o"/>
    <connection from="0to1" to="1to2" fromLane="1" toLane="1" via=":1_4_1" tl="1" linkIndex="5" dir="s" state="o"/>
    <connection from="0to16" to="16to17" fromLane="0" toLane="0" via=":16_0_0" dir="r" state="M"/>
    <connection from="0to16" to="16to17" fromLane="1" toLane="1" via=":16_1_0" dir="r" state="M"/>
    <connection from="10to14" to="14to26" fromLane="0" toLane="0" via=":14_0_0" tl="14" linkIndex="0" dir="s" state="o"/>
    <connection from="10to14" to="14to26" fromLane="1" toLane="1" via=":14_0_1" tl="14" linkIndex="1" dir="s" state="o"/>
    <connection from="10to14" to="14to15" fromLane="1" toLane="1" via=":14_2_0" tl="14" linkIndex="2" dir="l" state="o"/>
    <connection from="10to9" to="9to8" fromLane="0" toLane="0" via=":9_3_0" tl="9" linkIndex="3" dir="s" state="o"/>
    <connection from="10to9" to="9to8" fromLane="1" toLane="1" via=":9_3_1" tl="9" linkIndex="4" dir="s" state="o"/>
    <connection from="10to9" to="9to13" fromLane="1" toLane="1" via=":9_5_0" tl="9" linkIndex="5" dir="l" state="o"/>
    <connection from="11to10" to="10to9" fromLane="0" toLane="0" via=":10_3_0" tl="10" linkIndex="3" dir="s" state="o"/>
    <connection from="11to10" to="10to9" fromLane="1" toLane="1" via=":10_3_1" tl="10" linkIndex="4" dir="s" state="o"/>
    <connection from="11to10" to="10to14" fromLane="1" toLane="1" via=":10_5_0" tl="10" linkIndex="5" dir="l" state="o"/>
    <connection from="11to7" to="7to3" fromLane="0" toLane="0" via=":7_3_0" tl="7" linkIndex="3" dir="s" state="o"/>
    <connection from="11to7" to="7to3" fromLane="1" toLane="1" via=":7_3_1" tl="7" linkIndex="4" dir="s" state="o"/>
    <connection from="11to7" to="7to6" fromLane="1" toLane="1" via=":7_5_0" tl="7" linkIndex="5" dir="l" state="o"/>
    <connection from="12to13" to="13to25" fromLane="0" toLane="0" via=":13_3_0" tl="13" linkIndex="3" dir="r" state="o"/>
    <connection from="12to13" to="13to14" fromLane="0" toLane="0" via=":13_4_0" tl="13" linkIndex="4" dir="s" state="o"/>
    <connection from="12to13" to="13to14" fromLane="1" toLane="1" via=":13_4_1" tl="13" linkIndex="5" dir="s" state="o"/>
    <connection from="12to8" to="8to4" fromLane="0" toLane="0" via=":8_3_0" tl="8" linkIndex="3" dir="s" state="o"/>
    <connection from="12to8" to="8to4" fromLane="1" toLane="1" via=":8_3_1" tl="8" linkIndex="4" dir="s" state="o"/>
    <connection from="12to8" to="8to22" fromLane="1" toLane="1" via=":8_5_0" tl="8" linkIndex="5" dir="l" state="o"/>
    <connection from="13to14" to="14to26" fromLane="0" toLane="0" via=":14_3_0" tl="14" linkIndex="3" dir="r" state="o"/>
    <connection from="13to14" to="14to15" fromLane="0" toLane="0" via=":14_4_0" tl="14" linkIndex="4" dir="s" state="o"/>
    <connection from="13to14" to="14to15" fromLane="1" toLane="1" via=":14_4_1" tl="14" linkIndex="5" dir="s" state="o"/>
    <connection from="13to25" to="25to24" fromLane="0" toLane="0" via=":25_0_0" dir="r" state="M"/>
    <connection from="13to25" to="25to24" fromLane="1" toLane="1" via=":25_1_0" dir="r" state="M"/>
    <connection from="14to15" to="15to31" fromLane="0" toLane="0" via=":15_3_0" tl="15" linkIndex="3" dir="s" state="o"/>
    <connection from="14to15" to="15to31" fromLane="1" toLane="1" via=":15_3_1" tl="15" linkIndex="4" dir="s" state="o"/>
    <connection from="14to15" to="15to11" fromLane="1" toLane="1" via=":15_5_0" tl="15" linkIndex="5" dir="l" state="o"/>
    <connection from="14to26" to="26to27" fromLane="0" toLane="0" via=":26_0_0" dir="l" state="M"/>
    <connection from="14to26" to="26to27" fromLane="1" toLane="1" via=":26_1_0" dir="l" state="M"/>
    <connection from="15to11" to="11to7" fromLane="0" toLane="0" via=":11_3_0" tl="11" linkIndex="3" dir="s" state="o"/>
    <connection from="15to11" to="11to7" fromLane="1" toLane="1" via=":11_3_1" tl="11" linkIndex="4" dir="s" state="o"/>
    <connection from="15to11" to="11to10" fromLane="1" toLane="1" via=":11_5_0" tl="11" linkIndex="5" dir="l" state="o"/>
    <connection from="15to31" to="31to30" fromLane="0" toLane="0" via=":31_0_0" dir="l" state="M"/>
    <connection from="15to31" to="31to30" fromLane="1" toLane="1" via=":31_1_0" dir="l" state="M"/>
    <connection from="16to17" to="17to1" fromLane="0" toLane="0" via=":17_0_0" dir="r" state="M"/>
    <connection from="16to17" to="17to1" fromLane="1" toLane="1" via=":17_1_0" dir="r" state="M"/>
    <connection from="17to1" to="1to5" fromLane="0" toLane="0" via=":1_0_0" tl="1" linkIndex="0" dir="s" state="o"/>
    <connection from="17to1" to="1to5" fromLane="1" toLane="1" via=":1_0_1" tl="1" linkIndex="1" dir="s" state="o"/>
    <connection from="17to1" to="1to2" fromLane="1" toLane="1" via=":1_2_0" tl="1" linkIndex="2" dir="l" state="o"/>
    <connection from="18to2" to="2to6" fromLane="0" toLane="0" via=":2_0_0" tl="2" linkIndex="0" dir="s" state="o"/>
    <connection from="18to2" to="2to6" fromLane="1" toLane="1" via=":2_0_1" tl="2" linkIndex="1" dir="s" state="o"/>
    <connection from="18to2" to="2to3" fromLane="1" toLane="1" via=":2_2_0" tl="2" linkIndex="2" dir="l" state="o"/>
    <connection from="19to18" to="18to2" fromLane="0" toLane="0" via=":18_0_0" dir="l" state="M"/>
    <connection from="19to18" to="18to2" fromLane="1" toLane="1" via=":18_1_0" dir="l" state="M"/>
    <connection from="1to2" to="2to6" fromLane="0" toLane="0" via=":2_3_0" tl="2" linkIndex="3" dir="r" state="o"/>
    <connection from="1to2" to="2to3" fromLane="0" toLane="0" via=":2_4_0" tl="2" linkIndex="4" dir="s" state="o"/>
    <connection from="1to2" to="2to3" fromLane="1" toLane="1" via=":2_4_1" tl="2" linkIndex="5" dir="s" state="o"/>
    <connection from="1to5" to="5to4" fromLane="0" toLane="0" via=":5_0_0" tl="5" linkIndex="0" dir="r" state="o"/>
    <connection from="1to5" to="5to9" fromLane="0" toLane="0" via=":5_1_0" tl="5" linkIndex="1" dir="s" state="o"/>
    <connection from="1to5" to="5to9" fromLane="1" toLane="1" via=":5_1_1" tl="5" linkIndex="2" dir="s" state="o"/>
    <connection from="20to0" to="0to1" fromLane="0" toLane="0" via=":0_3_0" tl="0" linkIndex="3" dir="s" state="o"/>
    <connection from="20to0" to="0to1" fromLane="1" toLane="1" via=":0_3_1" tl="0" linkIndex="4" dir="s" state="o"/>
    <connection from="20to0" to="0to16" fromLane="1" toLane="1" via=":0_5_0" tl="0" linkIndex="5" dir="l" state="o"/>
    <connection from="21to20" to="20to0" fromLane="0" toLane="0" via=":20_0_0" dir="r" state="M"/>
    <connection from="21to20" to="20to0" fromLane="1" toLane="1" via=":20_1_0" dir="r" state="M"/>
    <connection from="22to23" to="23to12" fromLane="0" toLane="0" via=":23_0_0" dir="l" state="M"/>
    <connection from="22to23" to="23to12" fromLane="1" toLane="1" via=":23_1_0" dir="l" state="M"/>
    <connection from="23to12" to="12to13" fromLane="0" toLane="0" via=":12_3_0" tl="12" linkIndex="3" dir="s" state="o"/>
    <connection from="23to12" to="12to13" fromLane="1" toLane="1" via=":12_3_1" tl="12" linkIndex="4" dir="s" state="o"/>
    <connection from="23to12" to="12to8" fromLane="1" toLane="1" via=":12_5_0" tl="12" linkIndex="5" dir="l" state="o"/>
    <connection from="24to12" to="12to13" fromLane="0" toLane="0" via=":12_0_0" tl="12" linkIndex="0" dir="r" state="o"/>
    <connection from="24to12" to="12to8" fromLane="0" toLane="0" via=":12_1_0" tl="12" linkIndex="1" dir="s" state="o"/>
    <connection from="24to12" to="12to8" fromLane="1" toLane="1" via=":12_1_1" tl="12" linkIndex="2" dir="s" state="o"/>
    <connection from="25to24" to="24to12" fromLane="0" toLane="0" via=":24_0_0" dir="r" state="M"/>
    <connection from="25to24" to="24to12" fromLane="1" toLane="1" via=":24_1_0" dir="r" state="M"/>
    <connection from="26to27" to="27to15" fromLane="0" toLane="0" via=":27_0_0" dir="l" state="M"/>
    <connection from="26to27" to="27to15" fromLane="1" toLane="1" via=":27_1_0" dir="l" state="M"/>
    <connection from="27to15" to="15to31" fromLane="0" toLane="0" via=":15_0_0" tl="15" linkIndex="0" dir="r" state="o"/>
    <connection from="27to15" to="15to11" fromLane="0" toLane="0" via=":15_1_0" tl="15" linkIndex="1" dir="s" state="o"/>
    <connection from="27to15" to="15to11" fromLane="1" toLane="1" via=":15_1_1" tl="15" linkIndex="2" dir="s" state="o"/>
    <connection from="28to29" to="29to7" fromLane="0" toLane="0" via=":29_0_0" dir="r" state="M"/>
    <connection from="28to29" to="29to7" fromLane="1" toLane="1" via=":29_1_0" dir="r" state="M"/>
    <connection from="29to7" to="7to3" fromLane="0" toLane="0" via=":7_0_0" tl="7" linkIndex="0" dir="r" state="o"/>
    <connection from="29to7" to="7to6" fromLane="0" toLane="0" via=":7_1_0" tl="7" linkIndex="1" dir="s" state="o"/>
    <connection from="29to7" to="7to6" fromLane="1" toLane="1" via=":7_1_1" tl="7" linkIndex="2" dir="s" state="o"/>
    <connection from="2to3" to="3to28" fromLane="0" toLane="0" via=":3_3_0" tl="3" linkIndex="3" dir="s" state="o"/>
    <connection from="2to3" to="3to28" fromLane="1" toLane="1" via=":3_3_1" tl="3" linkIndex="4" dir="s" state="o"/>
    <connection from="2to3" to="3to19" fromLane="1" toLane="1" via=":3_5_0" tl="3" linkIndex="5" dir="l" state="o"/>
    <connection from="2to6" to="6to5" fromLane="0" toLane="0" via=":6_0_0" tl="6" linkIndex="0" dir="r" state="o"/>
    <connection from="2to6" to="6to10" fromLane="0" toLane="0" via=":6_1_0" tl="6" linkIndex="1" dir="s" state="o"/>
    <connection from="2to6" to="6to10" fromLane="1" toLane="1" via=":6_1_1" tl="6" linkIndex="2" dir="s" state="o"/>
    <connection from="30to11" to="11to7" fromLane="0" toLane="0" via=":11_0_0" tl="11" linkIndex="0" dir="r" state="o"/>
    <connection from="30to11" to="11to10" fromLane="0" toLane="0" via=":11_1_0" tl="11" linkIndex="1" dir="s" state="o"/>
    <connection from="30to11" to="11to10" fromLane="1" toLane="1" via=":11_1_1" tl="11" linkIndex="2" dir="s" state="o"/>
    <connection from="31to30" to="30to11" fromLane="0" toLane="0" via=":30_0_0" dir="l" state="M"/>
    <connection from="31to30" to="30to11" fromLane="1" toLane="1" via=":30_1_0" dir="l" state="M"/>
    <connection from="3to19" to="19to18" fromLane="0" toLane="0" via=":19_0_0" dir="l" state="M"/>
    <connection from="3to19" to="19to18" fromLane="1" toLane="1" via=":19_1_0" dir="l" state="M"/>
    <connection from="3to28" to="28to29" fromLane="0" toLane="0" via=":28_0_0" dir="r" state="M"/>
    <connection from="3to28" to="28to29" fromLane="1" toLane="1" via=":28_1_0" dir="r" state="M"/>
    <connection from="4to0" to="0to1" fromLane="0" toLane="0" via=":0_0_0" tl="0" linkIndex="0" dir="r" state="o"/>
    <connection from="4to0" to="0to16" fromLane="0" toLane="0" via=":0_1_0" tl="0" linkIndex="1" dir="s" state="o"/>
    <connection from="4to0" to="0to16" fromLane="1" toLane="1" via=":0_1_1" tl="0" linkIndex="2" dir="s" state="o"/>
    <connection from="4to21" to="21to20" fromLane="0" toLane="0" via=":21_0_0" dir="r" state="M"/>
    <connection from="4to21" to="21to20" fromLane="1" toLane="1" via=":21_1_0" dir="r" state="M"/>
    <connection from="5to4" to="4to0" fromLane="0" toLane="0" via=":4_0_0" tl="4" linkIndex="0" dir="r" state="o"/>
    <connection from="5to4" to="4to21" fromLane="0" toLane="0" via=":4_1_0" tl="4" linkIndex="1" dir="s" state="o"/>
    <connection from="5to4" to="4to21" fromLane="1" toLane="1" via=":4_1_1" tl="4" linkIndex="2" dir="s" state="o"/>
    <connection from="5to9" to="9to8" fromLane="0" toLane="0" via=":9_0_0" tl="9" linkIndex="0" dir="r" state="o"/>
    <connection from="5to9" to="9to13" fromLane="0" toLane="0" via=":9_1_0" tl="9" linkIndex="1" dir="s" state="o"/>
    <connection from="5to9" to="9to13" fromLane="1" toLane="1" via=":9_1_1" tl="9" linkIndex="2" dir="s" state="o"/>
    <connection from="6to10" to="10to9" fromLane="0" toLane="0" via=":10_0_0" tl="10" linkIndex="0" dir="r" state="o"/>
    <connection from="6to10" to="10to14" fromLane="0" toLane="0" via=":10_1_0" tl="10" linkIndex="1" dir="s" state="o"/>
    <connection from="6to10" to="10to14" fromLane="1" toLane="1" via=":10_1_1" tl="10" linkIndex="2" dir="s" state="o"/>
    <connection from="6to5" to="5to4" fromLane="0" toLane="0" via=":5_3_0" tl="5" linkIndex="3" dir="s" state="o"/>
    <connection from="6to5" to="5to4" fromLane="1" toLane="1" via=":5_3_1" tl="5" linkIndex="4" dir="s" state="o"/>
    <connection from="6to5" to="5to9" fromLane="1" toLane="1" via=":5_5_0" tl="5" linkIndex="5" dir="l" state="o"/>
    <connection from="7to3" to="3to28" fromLane="0" toLane="0" via=":3_0_0" tl="3" linkIndex="0" dir="r" state="o"/>
    <connection from="7to3" to="3to19" fromLane="0" toLane="0" via=":3_1_0" tl="3" linkIndex="1" dir="s" state="o"/>
    <connection from="7to3" to="3to19" fromLane="1" toLane="1" via=":3_1_1" tl="3" linkIndex="2" dir="s" state="o"/>
    <connection from="7to6" to="6to5" fromLane="0" toLane="0" via=":6_3_0" tl="6" linkIndex="3" dir="s" state="o"/>
    <connection from="7to6" to="6to5" fromLane="1" toLane="1" via=":6_3_1" tl="6" linkIndex="4" dir="s" state="o"/>
    <connection from="7to6" to="6to10" fromLane="1" toLane="1" via=":6_5_0" tl="6" linkIndex="5" dir="l" state="o"/>
    <connection from="8to22" to="22to23" fromLane="0" toLane="0" via=":22_0_0" dir="l" state="M"/>
    <connection from="8to22" to="22to23" fromLane="1" toLane="1" via=":22_1_0" dir="l" state="M"/>
    <connection from="8to4" to="4to0" fromLane="0" toLane="0" via=":4_3_0" tl="4" linkIndex="3" dir="s" state="o"/>
    <connection from="8to4" to="4to0" fromLane="1" toLane="1" via=":4_3_1" tl="4" linkIndex="4" dir="s" state="o"/>
    <connection from="8to4" to="4to21" fromLane="1" toLane="1" via=":4_5_0" tl="4" linkIndex="5" dir="l" state="o"/>
    <connection from="9to13" to="13to25" fromLane="0" toLane="0" via=":13_0_0" tl="13" linkIndex="0" dir="s" state="o"/>
    <connection from="9to13" to="13to25" fromLane="1" toLane="1" via=":13_0_1" tl="13" linkIndex="1" dir="s" state="o"/>
    <connection from="9to13" to="13to14" fromLane="1" toLane="1" via=":13_2_0" tl="13" linkIndex="2" dir="l" state="o"/>
    <connection from="9to8" to="8to4" fromLane="0" toLane="0" via=":8_0_0" tl="8" linkIndex="0" dir="r" state="o"/>
    <connection from="9to8" to="8to22" fromLane="0" toLane="0" via=":8_1_0" tl="8" linkIndex="1" dir="s" state="o"/>
    <connection from="9to8" to="8to22" fromLane="1" toLane="1" via=":8_1_1" tl="8" linkIndex="2" dir="s" state="o"/>

    <connection from=":0_0" to="0to1" fromLane="0" toLane="0" dir="r" state="M"/>
    <connection from=":0_1" to="0to16" fromLane="0" toLane="0" dir="s" state="M"/>
    <connection from=":0_1" to="0to16" fromLane="1" toLane="1" dir="s" state="M"/>
    <connection from=":0_3" to="0to1" fromLane="0" toLane="0" dir="s" state="M"/>
    <connection from=":0_3" to="0to1" fromLane="1" toLane="1" dir="s" state="M"/>
    <connection from=":0_5" to="0to16" fromLane="0" toLane="1" dir="l" state="M"/>
    <connection from=":1_0" to="1to5" fromLane="0" toLane="0" dir="s" state="M"/>
    <connection from=":1_0" to="1to5" fromLane="1" toLane="1" dir="s" state="M"/>
    <connection from=":1_2" to="1to2" fromLane="0" toLane="1" dir="l" state="M"/>
    <connection from=":1_3" to="1to5" fromLane="0" toLane="0" dir="r" state="M"/>
    <connection from=":1_4" to="1to2" fromLane="0" toLane="0" dir="s" state="M"/>
    <connection from=":1_4" to="1to2" fromLane="1" toLane="1" dir="s" state="M"/>
    <connection from=":10_0" to="10to9" fromLane="0" toLane="0" dir="r" state="M"/>
    <connection from=":10_1" to="10to14" fromLane="0" toLane="0" dir="s" state="M"/>
    <connection from=":10_1" to="10to14" fromLane="1" toLane="1" dir="s" state="M"/>
    <connection from=":10_3" to="10to9" fromLane="0" toLane="0" dir="s" state="M"/>
    <connection from=":10_3" to="10to9" fromLane="1" toLane="1" dir="s" state="M"/>
    <connection from=":10_5" to="10to14" fromLane="0" toLane="1" dir="l" state="M"/>
    <connection from=":11_0" to="11to7" fromLane="0" toLane="0" dir="r" state="M"/>
    <connection from=":11_1" to="11to10" fromLane="0" toLane="0" dir="s" state="M"/>
    <connection from=":11_1" to="11to10" fromLane="1" toLane="1" dir="s" state="M"/>
    <connection from=":11_3" to="11to7" fromLane="0" toLane="0" dir="s" state="M"/>
    <connection from=":11_3" to="11to7" fromLane="1" toLane="1" dir="s" state="M"/>
    <connection from=":11_5" to="11to10" fromLane="0" toLane="1" dir="l" state="M"/>
    <connection from=":12_0" to="12to13" fromLane="0" toLane="0" dir="r" state="M"/>
    <connection from=":12_1" to="12to8" fromLane="0" toLane="0" dir="s" state="M"/>
    <connection from=":12_1" to="12to8" fromLane="1" toLane="1" dir="s" state="M"/>
    <connection from=":12_3" to="12to13" fromLane="0" toLane="0" dir="s" state="M"/>
    <connection from=":12_3" to="12to13" fromLane="1" toLane="1" dir="s" state="M"/>
    <connection from=":12_5" to="12to8" fromLane="0" toLane="1" dir="l" state="M"/>
    <connection from=":13_0" to="13to25" fromLane="0" toLane="0" dir="s" state="M"/>
    <connection from=":13_0" to="13to25" fromLane="1" toLane="1" dir="s" state="M"/>
    <connection from=":13_2" to="13to14" fromLane="0" toLane="1" dir="l" state="M"/>
    <connection from=":13_3" to="13to25" fromLane="0" toLane="0" dir="r" state="M"/>
    <connection from=":13_4" to="13to14" fromLane="0" toLane="0" dir="s" state="M"/>
    <connection from=":13_4" to="13to14" fromLane="1" toLane="1" dir="s" state="M"/>
    <connection from=":14_0" to="14to26" fromLane="0" toLane="0" dir="s" state="M"/>
    <connection from=":14_0" to="14to26" fromLane="1" toLane="1" dir="s" state="M"/>
    <connection from=":14_2" to="14to15" fromLane="0" toLane="1" dir="l" state="M"/>
    <connection from=":14_3" to="14to26" fromLane="0" toLane="0" dir="r" state="M"/>
    <connection from=":14_4" to="14to15" fromLane="0" toLane="0" dir="s" state="M"/>
    <connection from=":14_4" to="14to15" fromLane="1" toLane="1" dir="s" state="M"/>
    <connection from=":15_0" to="15to31" fromLane="0" toLane="0" dir="r" state="M"/>
    <connection from=":15_1" to="15to11" fromLane="0" toLane="0" dir="s" state="M"/>
    <connection from=":15_1" to="15to11" fromLane="1" toLane="1" dir="s" state="M"/>
    <connection from=":15_3" to="15to31" fromLane="0" toLane="0" dir="s" state="M"/>
    <connection from=":15_3" to="15to31" fromLane="1" toLane="1" dir="s" state="M"/>
    <connection from=":15_5" to="15to11" fromLane="0" toLane="1" dir="l" state="M"/>
    <connection from=":16_0" to="16to17" fromLane="0" toLane="0" dir="r" state="M"/>
    <connection from=":16_1" to="16to17" fromLane="0" toLane="1" dir="r" state="M"/>
    <connection from=":17_0" to="17to1" fromLane="0" toLane="0" dir="r" state="M"/>
    <connection from=":17_1" to="17to1" fromLane="0" toLane="1" dir="r" state="M"/>
    <connection from=":18_0" to="18to2" fromLane="0" toLane="0" dir="l" state="M"/>
    <connection from=":18_1" to="18to2" fromLane="0" toLane="1" dir="l" state="M"/>
    <connection from=":19_0" to="19to18" fromLane="0" toLane="0" dir="l" state="M"/>
    <connection from=":19_1" to="19to18" fromLane="0" toLane="1" dir="l" state="M"/>
    <connection from=":2_0" to="2to6" fromLane="0" toLane="0" dir="s" state="M"/>
    <connection from=":2_0" to="2to6" fromLane="1" toLane="1" dir="s" state="M"/>
    <connection from=":2_2" to="2to3" fromLane="0" toLane="1" dir="l" state="M"/>
    <connection from=":2_3" to="2to6" fromLane="0" toLane="0" dir="r" state="M"/>
    <connection from=":2_4" to="2to3" fromLane="0" toLane="0" dir="s" state="M"/>
    <connection from=":2_4" to="2to3" fromLane="1" toLane="1" dir="s" state="M"/>
    <connection from=":20_0" to="20to0" fromLane="0" toLane="0" dir="r" state="M"/>
    <connection from=":20_1" to="20to0" fromLane="0" toLane="1" dir="r" state="M"/>
    <connection from=":21_0" to="21to20" fromLane="0" toLane="0" dir="r" state="M"/>
    <connection from=":21_1" to="21to20" fromLane="0" toLane="1" dir="r" state="M"/>
    <connection from=":22_0" to="22to23" fromLane="0" toLane="0" dir="l" state="M"/>
    <connection from=":22_1" to="22to23" fromLane="0" toLane="1" dir="l" state="M"/>
    <connection from=":23_0" to="23to12" fromLane="0" toLane="0" dir="l" state="M"/>
    <connection from=":23_1" to="23to12" fromLane="0" toLane="1" dir="l" state="M"/>
    <connection from=":24_0" to="24to12" fromLane="0" toLane="0" dir="r" state="M"/>
    <connection from=":24_1" to="24to12" fromLane="0" toLane="1" dir="r" state="M"/>
    <connection from=":25_0" to="25to24" fromLane="0" toLane="0" dir="r" state="M"/>
    <connection from=":25_1" to="25to24" fromLane="0" toLane="1" dir="r" state="M"/>
    <connection from=":26_0" to="26to27" fromLane="0" toLane="0" dir="l" state="M"/>
    <connection from=":26_1" to="26to27" fromLane="0" toLane="1" dir="l" state="M"/>
    <connection from=":27_0" to="27to15" fromLane="0" toLane="0" dir="l" state="M"/>
    <connection from=":27_1" to="27to15" fromLane="0" toLane="1" dir="l" state="M"/>
    <connection from=":28_0" to="28to29" fromLane="0" toLane="0" dir="r" state="M"/>
    <connection from=":28_1" to="28to29" fromLane="0" toLane="1" dir="r" state="M"/>
    <connection from=":29_0" to="29to7" fromLane="0" toLane="0" dir="r" state="M"/>
    <connection from=":29_1" to="29to7" fromLane="0" toLane="1" dir="r" state="M"/>
    <connection from=":3_0" to="3to28" fromLane="0" toLane="0" dir="r" state="M"/>
    <connection from=":3_1" to="3to19" fromLane="0" toLane="0" dir="s" state="M"/>
    <connection from=":3_1" to="3to19" fromLane="1" toLane="1" dir="s" state="M"/>
    <connection from=":3_3" to="3to28" fromLane="0" toLane="0" dir="s" state="M"/>
    <connection from=":3_3" to="3to28" fromLane="1" toLane="1" dir="s" state="M"/>
    <connection from=":3_5" to="3to19" fromLane="0" toLane="1" dir="l" state="M"/>
    <connection from=":30_0" to="30to11" fromLane="0" toLane="0" dir="l" state="M"/>
    <connection from=":30_1" to="30to11" fromLane="0" toLane="1" dir="l" state="M"/>
    <connection from=":31_0" to="31to30" fromLane="0" toLane="0" dir="l" state="M"/>
    <connection from=":31_1" to="31to30" fromLane="0" toLane="1" dir="l" state="M"/>
    <connection from=":4_0" to="4to0" fromLane="0" toLane="0" dir="r" state="M"/>
    <connection from=":4_1" to="4to21" fromLane="0" toLane="0" dir="s" state="M"/>
    <connection from=":4_1" to="4to21" fromLane="1" toLane="1" dir="s" state="M"/>
    <connection from=":4_3" to="4to0" fromLane="0" toLane="0" dir="s" state="M"/>
    <connection from=":4_3" to="4to0" fromLane="1" toLane="1" dir="s" state="M"/>
    <connection from=":4_5" to="4to21" fromLane="0" toLane="1" dir="l" state="M"/>
    <connection from=":5_0" to="5to4" fromLane="0" toLane="0" dir="r" state="M"/>
    <connection from=":5_1" to="5to9" fromLane="0" toLane="0" dir="s" state="M"/>
    <connection from=":5_1" to="5to9" fromLane="1" toLane="1" dir="s" state="M"/>
    <connection from=":5_3" to="5to4" fromLane="0" toLane="0" dir="s" state="M"/>
    <connection from=":5_3" to="5to4" fromLane="1" toLane="1" dir="s" state="M"/>
    <connection from=":5_5" to="5to9" fromLane="0" toLane="1" dir="l" state="M"/>
    <connection from=":6_0" to="6to5" fromLane="0" toLane="0" dir="r" state="M"/>
    <connection from=":6_1" to="6to10" fromLane="0" toLane="0" dir="s" state="M"/>
    <connection from=":6_1" to="6to10" fromLane="1" toLane="1" dir="s" state="M"/>
    <connection from=":6_3" to="6to5" fromLane="0" toLane="0" dir="s" state="M"/>
    <connection from=":6_3" to="6to5" fromLane="1" toLane="1" dir="s" state="M"/>
    <connection from=":6_5" to="6to10" fromLane="0" toLane="1" dir="l" state="M"/>
    <connection from=":7_0" to="7to3" fromLane="0" toLane="0" dir="r" state="M"/>
    <connection from=":7_1" to="7to6" fromLane="0" toLane="0" dir="s" state="M"/>
    <connection from=":7_1" to="7to6" fromLane="1" toLane="1" dir="s" state="M"/>
    <connection from=":7_3" to="7to3" fromLane="0" toLane="0" dir="s" state="M"/>
    <connection from=":7_3" to="7to3" fromLane="1" toLane="1" dir="s" state="M"/>
    <connection from=":7_5" to="7to6" fromLane="0" toLane="1" dir="l" state="M"/>
    <connection from=":8_0" to="8to4" fromLane="0" toLane="0" dir="r" state="M"/>
    <connection from=":8_1" to="8to22" fromLane="0" toLane="0" dir="s" state="M"/>
    <connection from=":8_1" to="8to22" fromLane="1" toLane="1" dir="s" state="M"/>
    <connection from=":8_3" to="8to4" fromLane="0" toLane="0" dir="s" state="M"/>
    <connection from=":8_3" to="8to4" fromLane="1" toLane="1" dir="s" state="M"/>
    <connection from=":8_5" to="8to22" fromLane="0" toLane="1" dir="l" state="M"/>
    <connection from=":9_0" to="9to8" fromLane="0" toLane="0" dir="r" state="M"/>
    <connection from=":9_1" to="9to13" fromLane="0" toLane="0" dir="s" state="M"/>
    <connection from=":9_1" to="9to13" fromLane="1" toLane="1" dir="s" state="M"/>
    <connection from=":9_3" to="9to8" fromLane="0" toLane="0" dir="s" state="M"/>
    <connection from=":9_3" to="9to8" fromLane="1" toLane="1" dir="s" state="M"/>
    <connection from=":9_5" to="9to13" fromLane="0" toLane="1" dir="l" state="M"/>

</net>
