<?xml version="1.0" encoding="UTF-8"?>

<!-- generated on Fri Oct 25 15:35:41 2013 by SUMO netconvert Version svn
<?xml version="1.0" encoding="UTF-8"?>

<configuration xmlns:xsi="http://www.w3.org/2001/XMLSchema-instance" xsi:noNamespaceSchemaLocation="http://sumo-sim.org/xsd/netconvertConfiguration.xsd">

    <input>
        <node-files value="ortuzar.nod.xml"/>
        <edge-files value="ortuzar.edg.xml"/>
        <connection-files value="ortuzar.con.xml"/>
        <type-files value="ortuzar.typ.xml"/>
    </input>

    <output>
        <output-file value="ortuzar.net.xml"/>
    </output>

    <processing>
        <no-turnarounds value="true"/>
    </processing>

</configuration>
-->

<net version="0.13" xmlns:xsi="http://www.w3.org/2001/XMLSchema-instance" xsi:noNamespaceSchemaLocation="http://sumo-sim.org/xsd/net_file.xsd">

    <location netOffset="1.00,0.00" convBoundary="0.00,0.00,18002.00,10000.00" origBoundary="-1.00,0.00,18001.00,10000.00" projParameter="!"/>

    <edge id=":A_0" function="internal">
        <lane id=":A_0_0" index="0" speed="14.29" length="12.62" shape="10.35,10001.65 5.54,10000.96 2.10,9998.90 0.17,9995.68"/>
    </edge>
    <edge id=":A_9" function="internal">
        <lane id=":A_9_0" index="0" speed="14.29" length="5.11" shape="0.17,9995.68 0.04,9995.46 -0.65,9990.65"/>
    </edge>
    <edge id=":A_1" function="internal">
        <lane id=":A_1_0" index="0" speed="12.27" length="16.51" shape="10.35,10001.65 5.10,10001.06 2.71,9999.29 3.15,9996.35 6.44,9992.22"/>
    </edge>
    <edge id=":A_2" function="internal">
        <lane id=":A_2_0" index="0" speed="12.27" length="6.64" shape="8.78,9994.56 7.45,9996.22 7.27,9997.40 8.24,9998.11 10.35,9998.35"/>
    </edge>
    <edge id=":A_3" function="internal">
        <lane id=":A_3_0" index="0" speed="9.88" length="16.51" shape="8.78,9994.56 4.65,9997.85 1.71,9998.29 -0.06,9995.90 -0.65,9990.65"/>
    </edge>
    <edge id=":A_4" function="internal">
        <lane id=":A_4_0" index="0" speed="9.88" length="6.64" shape="2.65,9990.65 2.89,9992.76 3.60,9993.73 4.78,9993.55 6.44,9992.22"/>
    </edge>
    <edge id=":A_5" function="internal">
        <lane id=":A_5_0" index="0" speed="14.29" length="12.41" shape="2.65,9990.65 3.13,9994.02 4.57,9996.43 6.98,9997.87 10.35,9998.35"/>
    </edge>
    <edge id=":A_6" function="internal">
        <lane id=":A_6_0" index="0" speed="11.90" length="7.80" shape="0.60,9998.35 -0.65,9990.65"/>
    </edge>
    <edge id=":A_7" function="internal">
        <lane id=":A_7_0" index="0" speed="9.88" length="8.46" shape="0.60,9998.35 6.44,9992.22"/>
    </edge>
    <edge id=":A_8" function="internal">
        <lane id=":A_8_0" index="0" speed="14.29" length="9.75" shape="0.60,9998.35 10.35,9998.35"/>
    </edge>
    <edge id=":B_0" function="internal">
        <lane id=":B_0_0" index="0" speed="11.30" length="6.46" shape="-0.65,5004.75 -0.21,5001.93 1.12,4998.90 1.29,4998.66"/>
    </edge>
    <edge id=":B_9" function="internal">
        <lane id=":B_9_0" index="0" speed="11.30" length="8.26" shape="1.29,4998.66 3.34,4995.67 6.44,4992.22"/>
    </edge>
    <edge id=":B_1" function="internal">
        <lane id=":B_1_0" index="0" speed="9.73" length="5.76" shape="-0.65,5004.75 0.04,5001.95 2.10,4999.95"/>
    </edge>
    <edge id=":B_10" function="internal">
        <lane id=":B_10_0" index="0" speed="9.73" length="8.47" shape="2.10,4999.95 5.54,4998.75 10.35,4998.35"/>
    </edge>
    <edge id=":B_2" function="internal">
        <lane id=":B_2_0" index="0" speed="9.73" length="9.02" shape="10.35,5001.65 6.98,5001.84 4.57,5002.42 3.13,5003.39 2.65,5004.75"/>
    </edge>
    <edge id=":B_3" function="internal">
        <lane id=":B_3_0" index="0" speed="9.14" length="16.51" shape="10.35,5001.65 5.10,5001.06 2.71,4999.29 3.15,4996.35 6.44,4992.22"/>
    </edge>
    <edge id=":B_4" function="internal">
        <lane id=":B_4_0" index="0" speed="9.14" length="6.64" shape="8.78,4994.56 7.45,4996.22 7.27,4997.40 8.24,4998.11 10.35,4998.35"/>
    </edge>
    <edge id=":B_5" function="internal">
        <lane id=":B_5_0" index="0" speed="11.30" length="12.14" shape="8.78,4994.56 6.10,4997.49 4.18,5000.17 3.03,5002.59 2.65,5004.75"/>
    </edge>
    <edge id=":B_6" function="internal">
        <lane id=":B_6_0" index="0" speed="11.30" length="8.46" shape="0.60,4998.35 6.44,4992.22"/>
    </edge>
    <edge id=":B_7" function="internal">
        <lane id=":B_7_0" index="0" speed="9.73" length="9.75" shape="0.60,4998.35 10.35,4998.35"/>
    </edge>
    <edge id=":B_8" function="internal">
        <lane id=":B_8_0" index="0" speed="11.90" length="0.76" shape="0.60,4998.35 1.29,4998.66"/>
    </edge>
    <edge id=":B_11" function="internal">
        <lane id=":B_11_0" index="0" speed="11.90" length="6.43" shape="1.29,4998.66 1.50,4998.75 2.14,4999.95 2.52,5001.95 2.65,5004.75"/>
    </edge>
    <edge id=":C_0" function="internal">
        <lane id=":C_0_0" index="0" speed="12.12" length="14.10" shape="5010.35,10001.65 5006.74,10001.65 5003.30,10001.65 4999.86,10001.65 4996.25,10001.65"/>
    </edge>
    <edge id=":C_1" function="internal">
        <lane id=":C_1_0" index="0" speed="9.73" length="9.51" shape="5010.35,10001.65 5005.54,10000.96 5002.10,9998.90 5001.77,9998.35"/>
    </edge>
    <edge id=":C_12" function="internal">
        <lane id=":C_12_0" index="0" speed="9.73" length="8.22" shape="5001.77,9998.35 5000.04,9995.46 4999.35,9990.65"/>
    </edge>
    <edge id=":C_2" function="internal">
        <lane id=":C_2_0" index="0" speed="10.33" length="9.21" shape="5010.35,10001.65 5005.10,10001.06 5002.71,9999.29 5002.85,9998.35"/>
    </edge>
    <edge id=":C_13" function="internal">
        <lane id=":C_13_0" index="0" speed="10.33" length="7.30" shape="5002.85,9998.35 5003.15,9996.35 5006.44,9992.22"/>
    </edge>
    <edge id=":C_3" function="internal">
        <lane id=":C_3_0" index="0" speed="10.33" length="6.64" shape="5008.78,9994.56 5007.45,9996.22 5007.27,9997.40 5008.24,9998.11 5010.35,9998.35"/>
    </edge>
    <edge id=":C_4" function="internal">
        <lane id=":C_4_0" index="0" speed="14.88" length="14.72" shape="5008.78,9994.56 5005.33,9997.66 5002.10,9999.88 4999.07,10001.21 4996.25,10001.65"/>
    </edge>
    <edge id=":C_5" function="internal">
        <lane id=":C_5_0" index="0" speed="12.50" length="16.51" shape="5008.78,9994.56 5004.65,9997.85 5001.71,9998.29 4999.94,9995.90 4999.35,9990.65"/>
    </edge>
    <edge id=":C_6" function="internal">
        <lane id=":C_6_0" index="0" speed="12.50" length="6.64" shape="5002.65,9990.65 5002.89,9992.76 5003.60,9993.73 5004.78,9993.55 5006.44,9992.22"/>
    </edge>
    <edge id=":C_7" function="internal">
        <lane id=":C_7_0" index="0" speed="9.73" length="12.41" shape="5002.65,9990.65 5003.13,9994.02 5004.57,9996.43 5006.98,9997.87 5010.35,9998.35"/>
    </edge>
    <edge id=":C_8" function="internal">
        <lane id=":C_8_0" index="0" speed="14.29" length="14.22" shape="5002.65,9990.65 5002.25,9995.46 5001.05,9998.90 4999.05,10000.96 4996.25,10001.65"/>
    </edge>
    <edge id=":C_9" function="internal">
        <lane id=":C_9_0" index="0" speed="14.29" length="9.02" shape="4996.25,9998.35 4997.61,9997.87 4998.58,9996.43 4999.16,9994.02 4999.35,9990.65"/>
    </edge>
    <edge id=":C_10" function="internal">
        <lane id=":C_10_0" index="0" speed="14.88" length="12.14" shape="4996.25,9998.35 4998.41,9997.97 5000.83,9996.82 5003.51,9994.90 5006.44,9992.22"/>
    </edge>
    <edge id=":C_11" function="internal">
        <lane id=":C_11_0" index="0" speed="12.12" length="14.10" shape="4996.25,9998.35 4999.86,9998.35 5003.30,9998.35 5006.74,9998.35 5010.35,9998.35"/>
    </edge>
    <edge id=":D_0" function="internal">
        <lane id=":D_0_0" index="0" speed="9.88" length="6.64" shape="4999.35,5009.35 4999.11,5007.24 4998.40,5006.27 4997.22,5006.45 4995.56,5007.78"/>
    </edge>
    <edge id=":D_1" function="internal">
        <lane id=":D_1_0" index="0" speed="9.73" length="12.41" shape="4999.35,5009.35 4998.87,5005.98 4997.43,5003.57 4995.02,5002.13 4991.65,5001.65"/>
    </edge>
    <edge id=":D_2" function="internal">
        <lane id=":D_2_0" index="0" speed="11.90" length="18.69" shape="4999.35,5009.35 4999.35,5005.02 4999.35,5000.00 4999.35,4994.98 4999.35,4990.65"/>
    </edge>
    <edge id=":D_3" function="internal">
        <lane id=":D_3_0" index="0" speed="12.50" length="19.02" shape="4999.35,5009.35 4999.79,5004.51 5001.12,5000.05 5003.34,4995.95 5006.44,4992.22"/>
    </edge>
    <edge id=":D_4" function="internal">
        <lane id=":D_4_0" index="0" speed="11.90" length="17.73" shape="4999.35,5009.35 5000.04,5004.54 5002.10,5001.10 5005.54,4999.04 5010.35,4998.35"/>
    </edge>
    <edge id=":D_5" function="internal">
        <lane id=":D_5_0" index="0" speed="11.90" length="12.41" shape="5010.35,5001.65 5006.98,5002.13 5004.57,5003.57 5003.13,5005.98 5002.65,5009.35"/>
    </edge>
    <edge id=":D_6" function="internal">
        <lane id=":D_6_0" index="0" speed="9.88" length="16.43" shape="5010.35,5001.65 5006.17,5002.03 5002.32,5003.18 4998.78,5005.10 4995.56,5007.78"/>
    </edge>
    <edge id=":D_7" function="internal">
        <lane id=":D_7_0" index="0" speed="9.73" length="18.69" shape="5010.35,5001.65 5006.02,5001.65 5001.00,5001.65 4995.98,5001.65 4991.65,5001.65"/>
    </edge>
    <edge id=":D_8" function="internal">
        <lane id=":D_8_0" index="0" speed="11.90" length="17.73" shape="5010.35,5001.65 5005.54,5000.96 5002.10,4998.90 5000.04,4995.46 4999.35,4990.65"/>
    </edge>
    <edge id=":D_9" function="internal">
        <lane id=":D_9_0" index="0" speed="12.50" length="16.51" shape="5010.35,5001.65 5005.10,5001.06 5002.71,4999.29 5003.15,4996.35 5006.44,4992.22"/>
    </edge>
    <edge id=":D_10" function="internal">
        <lane id=":D_10_0" index="0" speed="12.50" length="6.64" shape="5008.78,4994.56 5007.45,4996.22 5007.27,4997.40 5008.24,4998.11 5010.35,4998.35"/>
    </edge>
    <edge id=":D_11" function="internal">
        <lane id=":D_11_0" index="0" speed="12.50" length="16.43" shape="5008.78,4994.56 5006.10,4997.78 5004.18,5001.32 5003.03,5005.17 5002.65,5009.35"/>
    </edge>
    <edge id=":D_12" function="internal">
        <lane id=":D_12_0" index="0" speed="10.47" length="18.69" shape="5008.78,4994.56 5005.72,4997.62 5002.17,5001.17 4998.62,5004.72 4995.56,5007.78"/>
    </edge>
    <edge id=":D_13" function="internal">
        <lane id=":D_13_0" index="0" speed="10.33" length="12.72" shape="5008.78,4994.56 5005.05,4997.66 5000.95,4999.88 4997.87,5000.79"/>
    </edge>
    <edge id=":D_30" function="internal">
        <lane id=":D_30_0" index="0" speed="10.33" length="6.30" shape="4997.87,5000.79 4996.49,5001.21 4991.65,5001.65"/>
    </edge>
    <edge id=":D_14" function="internal">
        <lane id=":D_14_0" index="0" speed="12.50" length="9.21" shape="5008.78,4994.56 5004.65,4997.85 5001.71,4998.29 5001.14,4997.53"/>
    </edge>
    <edge id=":D_31" function="internal">
        <lane id=":D_31_0" index="0" speed="12.50" length="7.30" shape="5001.14,4997.53 4999.94,4995.90 4999.35,4990.65"/>
    </edge>
    <edge id=":D_15" function="internal">
        <lane id=":D_15_0" index="0" speed="12.50" length="6.64" shape="5002.65,4990.65 5002.89,4992.76 5003.60,4993.73 5004.78,4993.55 5006.44,4992.22"/>
    </edge>
    <edge id=":D_16" function="internal">
        <lane id=":D_16_0" index="0" speed="11.90" length="12.41" shape="5002.65,4990.65 5003.13,4994.02 5004.57,4996.43 5006.98,4997.87 5010.35,4998.35"/>
    </edge>
    <edge id=":D_17" function="internal">
        <lane id=":D_17_0" index="0" speed="11.90" length="18.69" shape="5002.65,4990.65 5002.65,4994.98 5002.65,5000.00 5002.65,5005.02 5002.65,5009.35"/>
    </edge>
    <edge id=":D_18" function="internal">
        <lane id=":D_18_0" index="0" speed="9.88" length="19.02" shape="5002.65,4990.65 5002.21,4995.49 5000.88,4999.95 4998.66,5004.05 4995.56,5007.78"/>
    </edge>
    <edge id=":D_19" function="internal">
        <lane id=":D_19_0" index="0" speed="9.73" length="17.73" shape="5002.65,4990.65 5001.96,4995.46 4999.90,4998.90 4996.46,5000.96 4991.65,5001.65"/>
    </edge>
    <edge id=":D_20" function="internal">
        <lane id=":D_20_0" index="0" speed="9.73" length="12.41" shape="4991.65,4998.35 4995.02,4997.87 4997.43,4996.43 4998.87,4994.02 4999.35,4990.65"/>
    </edge>
    <edge id=":D_21" function="internal">
        <lane id=":D_21_0" index="0" speed="10.33" length="16.43" shape="4991.65,4998.35 4995.83,4997.97 4999.68,4996.82 5003.22,4994.90 5006.44,4992.22"/>
    </edge>
    <edge id=":D_22" function="internal">
        <lane id=":D_22_0" index="0" speed="9.73" length="18.69" shape="4991.65,4998.35 4995.98,4998.35 5001.00,4998.35 5006.02,4998.35 5010.35,4998.35"/>
    </edge>
    <edge id=":D_23" function="internal">
        <lane id=":D_23_0" index="0" speed="9.73" length="17.73" shape="4991.65,4998.35 4996.46,4999.04 4999.90,5001.10 5001.96,5004.54 5002.65,5009.35"/>
    </edge>
    <edge id=":D_24" function="internal">
        <lane id=":D_24_0" index="0" speed="7.71" length="16.51" shape="4991.65,4998.35 4996.90,4998.94 4999.29,5000.71 4998.85,5003.65 4995.56,5007.78"/>
    </edge>
    <edge id=":D_25" function="internal">
        <lane id=":D_25_0" index="0" speed="7.71" length="6.64" shape="4993.22,5005.44 4994.55,5003.78 4994.73,5002.60 4993.76,5001.89 4991.65,5001.65"/>
    </edge>
    <edge id=":D_26" function="internal">
        <lane id=":D_26_0" index="0" speed="9.88" length="16.43" shape="4993.22,5005.44 4995.90,5002.22 4997.82,4998.68 4998.97,4994.83 4999.35,4990.65"/>
    </edge>
    <edge id=":D_27" function="internal">
        <lane id=":D_27_0" index="0" speed="10.47" length="18.69" shape="4993.22,5005.44 4996.28,5002.38 4999.83,4998.83 5003.38,4995.28 5006.44,4992.22"/>
    </edge>
    <edge id=":D_28" function="internal">
        <lane id=":D_28_0" index="0" speed="9.88" length="12.72" shape="4993.22,5005.44 4996.95,5002.34 5001.05,5000.12 5004.13,4999.21"/>
    </edge>
    <edge id=":D_32" function="internal">
        <lane id=":D_32_0" index="0" speed="9.88" length="6.30" shape="5004.13,4999.21 5005.51,4998.79 5010.35,4998.35"/>
    </edge>
    <edge id=":D_29" function="internal">
        <lane id=":D_29_0" index="0" speed="9.88" length="9.21" shape="4993.22,5005.44 4997.35,5002.15 5000.29,5001.71 5000.86,5002.47"/>
    </edge>
    <edge id=":D_33" function="internal">
        <lane id=":D_33_0" index="0" speed="9.88" length="7.30" shape="5000.86,5002.47 5002.06,5004.10 5002.65,5009.35"/>
    </edge>
    <edge id=":E_0" function="internal">
        <lane id=":E_0_0" index="0" speed="11.30" length="6.64" shape="4999.35,9.35 4999.11,7.24 4998.40,6.27 4997.22,6.45 4995.56,7.78"/>
    </edge>
    <edge id=":E_1" function="internal">
        <lane id=":E_1_0" index="0" speed="11.90" length="5.31" shape="4999.35,9.35 4999.75,4.54 4999.91,4.08"/>
    </edge>
    <edge id=":E_6" function="internal">
        <lane id=":E_6_0" index="0" speed="11.90" length="8.92" shape="4999.91,4.08 5000.95,1.10 5002.95,-0.96 5005.75,-1.65"/>
    </edge>
    <edge id=":E_2" function="internal">
        <lane id=":E_2_0" index="0" speed="11.90" length="9.02" shape="5005.75,1.65 5004.39,2.13 5003.42,3.57 5002.84,5.98 5002.65,9.35"/>
    </edge>
    <edge id=":E_3" function="internal">
        <lane id=":E_3_0" index="0" speed="11.30" length="12.14" shape="5005.75,1.65 5003.59,2.03 5001.17,3.18 4998.49,5.10 4995.56,7.78"/>
    </edge>
    <edge id=":E_4" function="internal">
        <lane id=":E_4_0" index="0" speed="11.30" length="14.72" shape="4993.22,5.44 4996.67,2.34 4999.90,0.12 5002.93,-1.21 5005.75,-1.65"/>
    </edge>
    <edge id=":E_5" function="internal">
        <lane id=":E_5_0" index="0" speed="11.30" length="16.51" shape="4993.22,5.44 4997.35,2.15 5000.29,1.71 5002.06,4.10 5002.65,9.35"/>
    </edge>
    <edge id=":F_0" function="internal">
        <lane id=":F_0_0" index="0" speed="6.99" length="9.50" shape="10005.75,10001.65 9996.25,10001.65"/>
    </edge>
    <edge id=":F_1" function="internal">
        <lane id=":F_1_0" index="0" speed="7.83" length="10.32" shape="10005.75,10001.65 10002.95,10001.25 10000.95,10000.05 9999.75,9998.05 9999.35,9995.25"/>
    </edge>
    <edge id=":F_2" function="internal">
        <lane id=":F_2_0" index="0" speed="7.83" length="5.00" shape="10002.65,9995.25 10002.84,9996.61 10003.42,9997.57 10004.39,9998.16 10005.75,9998.35"/>
    </edge>
    <edge id=":F_3" function="internal">
        <lane id=":F_3_0" index="0" speed="8.41" length="10.32" shape="10002.65,9995.25 10002.25,9998.05 10001.05,10000.05 9999.05,10001.25 9996.25,10001.65"/>
    </edge>
    <edge id=":F_4" function="internal">
        <lane id=":F_4_0" index="0" speed="8.41" length="5.00" shape="9996.25,9998.35 9997.61,9998.16 9998.58,9997.58 9999.16,9996.61 9999.35,9995.25"/>
    </edge>
    <edge id=":F_5" function="internal">
        <lane id=":F_5_0" index="0" speed="6.99" length="9.50" shape="9996.25,9998.35 10005.75,9998.35"/>
    </edge>
    <edge id=":G_0" function="internal">
        <lane id=":G_0_0" index="0" speed="11.18" length="6.64" shape="9999.35,5009.35 9999.11,5007.24 9998.40,5006.27 9997.22,5006.45 9995.56,5007.78"/>
    </edge>
    <edge id=":G_1" function="internal">
        <lane id=":G_1_0" index="0" speed="10.58" length="12.41" shape="9999.35,5009.35 9998.87,5005.98 9997.43,5003.57 9995.02,5002.13 9991.65,5001.65"/>
    </edge>
    <edge id=":G_2" function="internal">
        <lane id=":G_2_0" index="0" speed="9.26" length="18.69" shape="9999.35,5009.35 9999.35,5005.02 9999.35,5000.00 9999.35,4994.98 9999.35,4990.65"/>
    </edge>
    <edge id=":G_3" function="internal">
        <lane id=":G_3_0" index="0" speed="9.16" length="19.02" shape="9999.35,5009.35 9999.79,5004.51 10001.12,5000.05 10003.34,4995.95 10006.44,4992.22"/>
    </edge>
    <edge id=":G_4" function="internal">
        <lane id=":G_4_0" index="0" speed="18.52" length="17.73" shape="9999.35,5009.35 10000.04,5004.54 10002.10,5001.10 10005.54,4999.04 10010.35,4998.35"/>
    </edge>
    <edge id=":G_5" function="internal">
        <lane id=":G_5_0" index="0" speed="18.52" length="12.41" shape="10010.35,5001.65 10006.98,5002.13 10004.57,5003.57 10003.13,5005.98 10002.65,5009.35"/>
    </edge>
    <edge id=":G_6" function="internal">
        <lane id=":G_6_0" index="0" speed="20.44" length="16.43" shape="10010.35,5001.65 10006.17,5002.03 10002.32,5003.18 9998.78,5005.10 9995.56,5007.78"/>
    </edge>
    <edge id=":G_7" function="internal">
        <lane id=":G_7_0" index="0" speed="19.84" length="18.69" shape="10010.35,5001.65 10006.02,5001.65 10001.00,5001.65 9995.98,5001.65 9991.65,5001.65"/>
    </edge>
    <edge id=":G_8" function="internal">
        <lane id=":G_8_0" index="0" speed="18.52" length="9.51" shape="10010.35,5001.65 10005.54,5000.96 10002.10,4998.90 10001.77,4998.35"/>
    </edge>
    <edge id=":G_30" function="internal">
        <lane id=":G_30_0" index="0" speed="18.52" length="8.22" shape="10001.77,4998.35 10000.04,4995.46 9999.35,4990.65"/>
    </edge>
    <edge id=":G_9" function="internal">
        <lane id=":G_9_0" index="0" speed="18.42" length="9.21" shape="10010.35,5001.65 10005.10,5001.06 10002.71,4999.29 10002.85,4998.35"/>
    </edge>
    <edge id=":G_31" function="internal">
        <lane id=":G_31_0" index="0" speed="18.42" length="7.30" shape="10002.85,4998.35 10003.15,4996.35 10006.44,4992.22"/>
    </edge>
    <edge id=":G_10" function="internal">
        <lane id=":G_10_0" index="0" speed="18.42" length="6.64" shape="10008.78,4994.56 10007.45,4996.22 10007.27,4997.40 10008.24,4998.11 10010.35,4998.35"/>
    </edge>
    <edge id=":G_11" function="internal">
        <lane id=":G_11_0" index="0" speed="9.16" length="16.43" shape="10008.78,4994.56 10006.10,4997.78 10004.18,5001.32 10003.03,5005.17 10002.65,5009.35"/>
    </edge>
    <edge id=":G_12" function="internal">
        <lane id=":G_12_0" index="0" speed="11.07" length="18.69" shape="10008.78,4994.56 10005.72,4997.62 10002.17,5001.17 9998.62,5004.72 9995.56,5007.78"/>
    </edge>
    <edge id=":G_13" function="internal">
        <lane id=":G_13_0" index="0" speed="10.48" length="19.02" shape="10008.78,4994.56 10005.05,4997.66 10000.95,4999.88 9996.49,5001.21 9991.65,5001.65"/>
    </edge>
    <edge id=":G_14" function="internal">
        <lane id=":G_14_0" index="0" speed="9.16" length="16.51" shape="10008.78,4994.56 10004.65,4997.85 10001.71,4998.29 9999.94,4995.90 9999.35,4990.65"/>
    </edge>
    <edge id=":G_15" function="internal">
        <lane id=":G_15_0" index="0" speed="9.16" length="6.64" shape="10002.65,4990.65 10002.89,4992.76 10003.60,4993.73 10004.78,4993.55 10006.44,4992.22"/>
    </edge>
    <edge id=":G_16" function="internal">
        <lane id=":G_16_0" index="0" speed="18.52" length="12.41" shape="10002.65,4990.65 10003.13,4994.02 10004.57,4996.43 10006.98,4997.87 10010.35,4998.35"/>
    </edge>
    <edge id=":G_17" function="internal">
        <lane id=":G_17_0" index="0" speed="9.26" length="18.69" shape="10002.65,4990.65 10002.65,4994.98 10002.65,5000.00 10002.65,5005.02 10002.65,5009.35"/>
    </edge>
    <edge id=":G_18" function="internal">
        <lane id=":G_18_0" index="0" speed="11.18" length="19.02" shape="10002.65,4990.65 10002.21,4995.49 10000.88,4999.95 9998.66,5004.05 9995.56,5007.78"/>
    </edge>
    <edge id=":G_19" function="internal">
        <lane id=":G_19_0" index="0" speed="10.58" length="17.73" shape="10002.65,4990.65 10001.96,4995.46 9999.90,4998.90 9996.46,5000.96 9991.65,5001.65"/>
    </edge>
    <edge id=":G_20" function="internal">
        <lane id=":G_20_0" index="0" speed="10.58" length="12.41" shape="9991.65,4998.35 9995.02,4997.87 9997.43,4996.43 9998.87,4994.02 9999.35,4990.65"/>
    </edge>
    <edge id=":G_21" function="internal">
        <lane id=":G_21_0" index="0" speed="10.48" length="16.43" shape="9991.65,4998.35 9995.83,4997.97 9999.68,4996.82 10003.22,4994.90 10006.44,4992.22"/>
    </edge>
    <edge id=":G_22" function="internal">
        <lane id=":G_22_0" index="0" speed="19.84" length="18.69" shape="9991.65,4998.35 9995.98,4998.35 10001.00,4998.35 10006.02,4998.35 10010.35,4998.35"/>
    </edge>
    <edge id=":G_23" function="internal">
        <lane id=":G_23_0" index="0" speed="10.58" length="9.51" shape="9991.65,4998.35 9996.46,4999.04 9999.90,5001.10 10000.23,5001.65"/>
    </edge>
    <edge id=":G_32" function="internal">
        <lane id=":G_32_0" index="0" speed="10.58" length="8.22" shape="10000.23,5001.65 10001.96,5004.54 10002.65,5009.35"/>
    </edge>
    <edge id=":G_24" function="internal">
        <lane id=":G_24_0" index="0" speed="12.50" length="9.21" shape="9991.65,4998.35 9996.90,4998.94 9999.29,5000.71 9999.15,5001.65"/>
    </edge>
    <edge id=":G_33" function="internal">
        <lane id=":G_33_0" index="0" speed="12.50" length="7.30" shape="9999.15,5001.65 9998.85,5003.65 9995.56,5007.78"/>
    </edge>
    <edge id=":G_25" function="internal">
        <lane id=":G_25_0" index="0" speed="12.50" length="6.64" shape="9993.22,5005.44 9994.55,5003.78 9994.73,5002.60 9993.76,5001.89 9991.65,5001.65"/>
    </edge>
    <edge id=":G_26" function="internal">
        <lane id=":G_26_0" index="0" speed="11.18" length="16.43" shape="9993.22,5005.44 9995.90,5002.22 9997.82,4998.68 9998.97,4994.83 9999.35,4990.65"/>
    </edge>
    <edge id=":G_27" function="internal">
        <lane id=":G_27_0" index="0" speed="11.07" length="18.69" shape="9993.22,5005.44 9996.28,5002.38 9999.83,4998.83 10003.38,4995.28 10006.44,4992.22"/>
    </edge>
    <edge id=":G_28" function="internal">
        <lane id=":G_28_0" index="0" speed="20.44" length="19.02" shape="9993.22,5005.44 9996.95,5002.34 10001.05,5000.12 10005.51,4998.79 10010.35,4998.35"/>
    </edge>
    <edge id=":G_29" function="internal">
        <lane id=":G_29_0" index="0" speed="11.18" length="16.51" shape="9993.22,5005.44 9997.35,5002.15 10000.29,5001.71 10002.06,5004.10 10002.65,5009.35"/>
    </edge>
    <edge id=":H_0" function="internal">
        <lane id=":H_0_0" index="0" speed="11.18" length="6.64" shape="9999.35,9.35 9999.11,7.24 9998.40,6.27 9997.22,6.45 9995.56,7.78"/>
    </edge>
    <edge id=":H_1" function="internal">
        <lane id=":H_1_0" index="0" speed="10.58" length="12.41" shape="9999.35,9.35 9998.87,5.98 9997.43,3.57 9995.02,2.13 9991.65,1.65"/>
    </edge>
    <edge id=":H_2" function="internal">
        <lane id=":H_2_0" index="0" speed="18.52" length="14.22" shape="9999.35,9.35 9999.75,4.54 10000.95,1.10 10002.95,-0.96 10005.75,-1.65"/>
    </edge>
    <edge id=":H_3" function="internal">
        <lane id=":H_3_0" index="0" speed="18.52" length="9.02" shape="10005.75,1.65 10004.39,2.13 10003.42,3.57 10002.84,5.98 10002.65,9.35"/>
    </edge>
    <edge id=":H_4" function="internal">
        <lane id=":H_4_0" index="0" speed="20.44" length="12.14" shape="10005.75,1.65 10003.59,2.03 10001.17,3.18 9998.49,5.10 9995.56,7.78"/>
    </edge>
    <edge id=":H_5" function="internal">
        <lane id=":H_5_0" index="0" speed="19.84" length="14.10" shape="10005.75,1.65 10002.14,1.65 9998.70,1.65 9995.26,1.65 9991.65,1.65"/>
    </edge>
    <edge id=":H_6" function="internal">
        <lane id=":H_6_0" index="0" speed="19.84" length="14.10" shape="9991.65,-1.65 9995.26,-1.65 9998.70,-1.65 10002.14,-1.65 10005.75,-1.65"/>
    </edge>
    <edge id=":H_7" function="internal">
        <lane id=":H_7_0" index="0" speed="10.58" length="9.51" shape="9991.65,-1.65 9996.46,-0.96 9999.90,1.10 10000.23,1.65"/>
    </edge>
    <edge id=":H_12" function="internal">
        <lane id=":H_12_0" index="0" speed="10.58" length="8.22" shape="10000.23,1.65 10001.96,4.54 10002.65,9.35"/>
    </edge>
    <edge id=":H_8" function="internal">
        <lane id=":H_8_0" index="0" speed="12.50" length="9.21" shape="9991.65,-1.65 9996.90,-1.06 9999.29,0.71 9999.15,1.65"/>
    </edge>
    <edge id=":H_13" function="internal">
        <lane id=":H_13_0" index="0" speed="12.50" length="7.30" shape="9999.15,1.65 9998.85,3.65 9995.56,7.78"/>
    </edge>
    <edge id=":H_9" function="internal">
        <lane id=":H_9_0" index="0" speed="12.50" length="6.64" shape="9993.22,5.44 9994.55,3.78 9994.73,2.60 9993.76,1.89 9991.65,1.65"/>
    </edge>
    <edge id=":H_10" function="internal">
        <lane id=":H_10_0" index="0" speed="20.44" length="14.72" shape="9993.22,5.44 9996.67,2.34 9999.90,0.12 10002.93,-1.21 10005.75,-1.65"/>
    </edge>
    <edge id=":H_11" function="internal">
        <lane id=":H_11_0" index="0" speed="11.18" length="16.51" shape="9993.22,5.44 9997.35,2.15 10000.29,1.71 10002.06,4.10 10002.65,9.35"/>
    </edge>
    <edge id=":I_0" function="internal">
        <lane id=":I_0_0" index="0" speed="15.71" length="9.50" shape="15005.75,10001.65 14996.25,10001.65"/>
    </edge>
    <edge id=":I_1" function="internal">
        <lane id=":I_1_0" index="0" speed="17.13" length="7.14" shape="15005.75,10001.65 15002.95,10001.25 15000.95,10000.05 14999.93,9998.35"/>
    </edge>
    <edge id=":I_6" function="internal">
        <lane id=":I_6_0" index="0" speed="17.13" length="3.18" shape="14999.93,9998.35 14999.75,9998.05 14999.35,9995.25"/>
    </edge>
    <edge id=":I_2" function="internal">
        <lane id=":I_2_0" index="0" speed="17.13" length="5.00" shape="15002.65,9995.25 15002.84,9996.61 15003.42,9997.58 15004.39,9998.16 15005.75,9998.35"/>
    </edge>
    <edge id=":I_3" function="internal">
        <lane id=":I_3_0" index="0" speed="7.83" length="10.32" shape="15002.65,9995.25 15002.25,9998.05 15001.05,10000.05 14999.05,10001.25 14996.25,10001.65"/>
    </edge>
    <edge id=":I_4" function="internal">
        <lane id=":I_4_0" index="0" speed="7.83" length="5.00" shape="14996.25,9998.35 14997.61,9998.16 14998.57,9997.58 14999.16,9996.61 14999.35,9995.25"/>
    </edge>
    <edge id=":I_5" function="internal">
        <lane id=":I_5_0" index="0" speed="15.71" length="9.50" shape="14996.25,9998.35 15005.75,9998.35"/>
    </edge>
    <edge id=":J_0" function="internal">
        <lane id=":J_0_0" index="0" speed="18.52" length="12.65" shape="14999.35,5013.23 14999.16,5008.17 14998.58,5004.55 14997.61,5002.37 14996.25,5001.65"/>
    </edge>
    <edge id=":J_1" function="internal">
        <lane id=":J_1_0" index="0" speed="9.26" length="26.47" shape="14999.35,5013.23 14999.35,5007.69 14999.35,5000.00 14999.35,4992.31 14999.35,4986.77"/>
    </edge>
    <edge id=":J_2" function="internal">
        <lane id=":J_2_0" index="0" speed="8.68" length="26.50" shape="14999.35,5013.23 15000.09,5007.75 15001.91,5000.25 15004.21,4992.88 15006.39,4987.80"/>
    </edge>
    <edge id=":J_3" function="internal">
        <lane id=":J_3_0" index="0" speed="8.68" length="21.69" shape="14999.35,5013.23 14999.97,5005.87 15001.82,5002.95 15004.90,5004.50 15009.22,5010.50"/>
    </edge>
    <edge id=":J_4" function="internal">
        <lane id=":J_4_0" index="0" speed="8.68" length="8.22" shape="15006.39,5012.20 15004.76,5009.92 15003.59,5009.34 15002.88,5010.44 15002.65,5013.23"/>
    </edge>
    <edge id=":J_5" function="internal">
        <lane id=":J_5_0" index="0" speed="17.94" length="15.02" shape="15006.39,5012.20 15003.39,5007.58 15000.69,5004.29 14998.31,5002.31 14996.25,5001.65"/>
    </edge>
    <edge id=":J_6" function="internal">
        <lane id=":J_6_0" index="0" speed="8.68" length="26.50" shape="15006.39,5012.20 15004.21,5007.12 15001.91,4999.75 15000.09,4992.25 14999.35,4986.77"/>
    </edge>
    <edge id=":J_7" function="internal">
        <lane id=":J_7_0" index="0" speed="8.10" length="25.71" shape="15006.39,5012.20 15003.65,5006.10 15002.73,5000.00 15003.65,4993.90 15006.39,4987.80"/>
    </edge>
    <edge id=":J_8" function="internal">
        <lane id=":J_8_0" index="0" speed="8.10" length="22.13" shape="15009.22,4989.50 15006.86,4994.75 15006.07,5000.00 15006.86,5005.25 15009.22,5010.50"/>
    </edge>
    <edge id=":J_9" function="internal">
        <lane id=":J_9_0" index="0" speed="8.68" length="24.74" shape="15009.22,4989.50 15007.11,4994.32 15004.97,5001.10 15003.32,5008.02 15002.65,5013.23"/>
    </edge>
    <edge id=":J_10" function="internal">
        <lane id=":J_10_0" index="0" speed="17.94" length="18.37" shape="15009.22,4989.50 15005.68,4994.82 15002.34,4998.61 14999.19,5000.89 14996.25,5001.65"/>
    </edge>
    <edge id=":J_11" function="internal">
        <lane id=":J_11_0" index="0" speed="8.68" length="21.69" shape="15009.22,4989.50 15004.90,4995.50 15001.82,4997.05 14999.97,4994.13 14999.35,4986.77"/>
    </edge>
    <edge id=":J_12" function="internal">
        <lane id=":J_12_0" index="0" speed="8.68" length="8.22" shape="15002.65,4986.77 15002.88,4989.56 15003.59,4990.66 15004.76,4990.08 15006.39,4987.80"/>
    </edge>
    <edge id=":J_13" function="internal">
        <lane id=":J_13_0" index="0" speed="8.68" length="24.74" shape="15002.65,4986.77 15003.32,4991.98 15004.97,4998.90 15007.11,5005.68 15009.22,5010.50"/>
    </edge>
    <edge id=":J_14" function="internal">
        <lane id=":J_14_0" index="0" speed="9.26" length="26.47" shape="15002.65,4986.77 15002.65,4992.31 15002.65,5000.00 15002.65,5007.69 15002.65,5013.23"/>
    </edge>
    <edge id=":J_15" function="internal">
        <lane id=":J_15_0" index="0" speed="18.52" length="17.71" shape="15002.65,4986.77 15002.25,4993.28 15001.05,4997.93 14999.05,5000.72 14996.25,5001.65"/>
    </edge>
    <edge id=":J_16" function="internal">
        <lane id=":J_16_0" index="0" speed="18.52" length="12.65" shape="14996.25,4998.35 14997.61,4997.63 14998.58,4995.45 14999.16,4991.83 14999.35,4986.77"/>
    </edge>
    <edge id=":J_17" function="internal">
        <lane id=":J_17_0" index="0" speed="17.94" length="15.02" shape="14996.25,4998.35 14998.31,4997.69 15000.69,4995.71 15003.39,4992.42 15006.39,4987.80"/>
    </edge>
    <edge id=":J_18" function="internal">
        <lane id=":J_18_0" index="0" speed="17.94" length="18.37" shape="14996.25,4998.35 14999.19,4999.11 15002.34,5001.39 15005.68,5005.18 15009.22,5010.50"/>
    </edge>
    <edge id=":J_19" function="internal">
        <lane id=":J_19_0" index="0" speed="18.52" length="17.71" shape="14996.25,4998.35 14999.05,4999.28 15001.05,5002.07 15002.25,5006.72 15002.65,5013.23"/>
    </edge>
    <edge id=":K_0" function="internal">
        <lane id=":K_0_0" index="0" speed="9.16" length="6.64" shape="14999.35,9.35 14999.11,7.24 14998.40,6.27 14997.22,6.45 14995.56,7.78"/>
    </edge>
    <edge id=":K_1" function="internal">
        <lane id=":K_1_0" index="0" speed="18.52" length="12.41" shape="14999.35,9.35 14998.87,5.98 14997.43,3.57 14995.02,2.13 14991.65,1.65"/>
    </edge>
    <edge id=":K_2" function="internal">
        <lane id=":K_2_0" index="0" speed="17.13" length="14.22" shape="14999.35,9.35 14999.75,4.54 15000.95,1.10 15002.95,-0.96 15005.75,-1.65"/>
    </edge>
    <edge id=":K_3" function="internal">
        <lane id=":K_3_0" index="0" speed="17.13" length="9.02" shape="15005.75,1.65 15004.39,2.13 15003.43,3.57 15002.84,5.98 15002.65,9.35"/>
    </edge>
    <edge id=":K_4" function="internal">
        <lane id=":K_4_0" index="0" speed="17.03" length="12.14" shape="15005.75,1.65 15003.59,2.03 15001.17,3.18 14998.49,5.10 14995.56,7.78"/>
    </edge>
    <edge id=":K_5" function="internal">
        <lane id=":K_5_0" index="0" speed="26.39" length="14.10" shape="15005.75,1.65 15002.14,1.65 14998.70,1.65 14995.26,1.65 14991.65,1.65"/>
    </edge>
    <edge id=":K_6" function="internal">
        <lane id=":K_6_0" index="0" speed="26.39" length="14.10" shape="14991.65,-1.65 14995.26,-1.65 14998.70,-1.65 15002.14,-1.65 15005.75,-1.65"/>
    </edge>
    <edge id=":K_7" function="internal">
        <lane id=":K_7_0" index="0" speed="18.52" length="9.51" shape="14991.65,-1.65 14996.46,-0.96 14999.90,1.10 15000.23,1.65"/>
    </edge>
    <edge id=":K_12" function="internal">
        <lane id=":K_12_0" index="0" speed="18.52" length="8.22" shape="15000.23,1.65 15001.96,4.54 15002.65,9.35"/>
    </edge>
    <edge id=":K_8" function="internal">
        <lane id=":K_8_0" index="0" speed="18.42" length="9.21" shape="14991.65,-1.65 14996.90,-1.06 14999.29,0.71 14999.15,1.65"/>
    </edge>
    <edge id=":K_13" function="internal">
        <lane id=":K_13_0" index="0" speed="18.42" length="7.30" shape="14999.15,1.65 14998.85,3.65 14995.56,7.78"/>
    </edge>
    <edge id=":K_9" function="internal">
        <lane id=":K_9_0" index="0" speed="18.42" length="6.64" shape="14993.22,5.44 14994.55,3.78 14994.73,2.60 14993.76,1.89 14991.65,1.65"/>
    </edge>
    <edge id=":K_10" function="internal">
        <lane id=":K_10_0" index="0" speed="17.03" length="14.72" shape="14993.22,5.44 14996.67,2.34 14999.90,0.12 15002.93,-1.21 15005.75,-1.65"/>
    </edge>
    <edge id=":K_11" function="internal">
        <lane id=":K_11_0" index="0" speed="9.16" length="16.51" shape="14993.22,5.44 14997.35,2.15 15000.29,1.71 15002.06,4.10 15002.65,9.35"/>
    </edge>
    <edge id=":L_0" function="internal">
        <lane id=":L_0_0" index="0" speed="12.39" length="6.05" shape="17998.69,9992.94 18001.40,9998.35"/>
    </edge>
    <edge id=":L_1" function="internal">
        <lane id=":L_1_0" index="0" speed="16.55" length="13.77" shape="17998.69,9992.94 18000.34,9996.75 18000.07,9999.47 17997.88,10001.11 17993.76,10001.65"/>
    </edge>
    <edge id=":L_2" function="internal">
        <lane id=":L_2_0" index="0" speed="16.55" length="5.87" shape="17993.76,9998.35 17995.51,9998.12 17996.45,9997.42 17996.56,9996.26 17995.86,9994.64"/>
    </edge>
    <edge id=":L_3" function="internal">
        <lane id=":L_3_0" index="0" speed="20.84" length="7.64" shape="17993.76,9998.35 18001.40,9998.35"/>
    </edge>
    <edge id=":M_0" function="internal">
        <lane id=":M_0_0" index="0" speed="20.84" length="40.76" shape="17953.00,-1.65 17960.77,-1.65 17973.38,-1.65 17985.98,-1.65 17993.76,-1.65"/>
    </edge>
    <edge id=":M_1" function="internal">
        <lane id=":M_1_0" index="0" speed="16.55" length="49.26" shape="17953.00,-1.65 17974.95,-1.11 17989.88,0.53 17997.79,3.25 17998.69,7.06"/>
    </edge>
    <edge id=":M_2" function="internal">
        <lane id=":M_2_0" index="0" speed="16.55" length="5.87" shape="17995.86,5.36 17996.56,3.74 17996.45,2.58 17995.51,1.88 17993.76,1.65"/>
    </edge>
    <edge id=":M_3" function="internal">
        <lane id=":M_3_0" index="0" speed="12.39" length="9.89" shape="17995.86,5.36 17997.31,2.29 17997.44,0.10 17996.26,-1.21 17993.76,-1.65"/>
    </edge>

    <edge id="A1A" from="A1" to="A" priority="3" type="AB">
        <lane id="A1A_0" index="0" speed="11.90" length="0.20" shape="0.40,9998.35 0.60,9998.35"/>
    </edge>
    <edge id="AB" from="A" to="B" priority="3" type="AB">
        <lane id="AB_0" index="0" speed="11.90" length="4985.90" shape="-0.65,9990.65 -0.65,5004.75"/>
    </edge>
    <edge id="AC" from="A" to="C" priority="3" type="AC">
        <lane id="AC_0" index="0" speed="16.67" length="4985.90" shape="10.35,9998.35 4996.25,9998.35"/>
    </edge>
    <edge id="AD" from="A" to="D" priority="3" type="AD">
        <lane id="AD_0" index="0" speed="7.86" length="7052.38" shape="6.44,9992.22 4993.22,5005.44"/>
    </edge>
    <edge id="B1B" from="B1" to="B" priority="3" type="AB">
        <lane id="B1B_0" index="0" speed="11.90" length="0.20" shape="0.40,4998.35 0.60,4998.35"/>
    </edge>
    <edge id="BA" from="B" to="A" priority="3" type="AB">
        <lane id="BA_0" index="0" speed="11.90" length="4985.90" shape="2.65,5004.75 2.65,9990.65"/>
    </edge>
    <edge id="BD" from="B" to="D" priority="3" type="BD">
        <lane id="BD_0" index="0" speed="7.57" length="4981.31" shape="10.35,4998.35 4991.65,4998.35"/>
    </edge>
    <edge id="BE" from="B" to="E" priority="3" type="BE">
        <lane id="BE_0" index="0" speed="10.71" length="7052.38" shape="6.44,4992.22 4993.22,5.44"/>
    </edge>
    <edge id="CA" from="C" to="A" priority="3" type="AC">
        <lane id="CA_0" index="0" speed="16.67" length="4985.90" shape="4996.25,10001.65 10.35,10001.65"/>
    </edge>
    <edge id="CD" from="C" to="D" priority="3" type="CD">
        <lane id="CD_0" index="0" speed="11.90" length="4981.31" shape="4999.35,9990.65 4999.35,5009.35"/>
    </edge>
    <edge id="CF" from="C" to="F" priority="3" type="CF">
        <lane id="CF_0" index="0" speed="7.57" length="4985.90" shape="5010.35,9998.35 9996.25,9998.35"/>
    </edge>
    <edge id="CG" from="C" to="G" priority="3" type="CG">
        <lane id="CG_0" index="0" speed="13.09" length="7052.38" shape="5006.44,9992.22 9993.22,5005.44"/>
    </edge>
    <edge id="DA" from="D" to="A" priority="3" type="AD">
        <lane id="DA_0" index="0" speed="7.86" length="7052.38" shape="4995.56,5007.78 8.78,9994.56"/>
    </edge>
    <edge id="DB" from="D" to="B" priority="3" type="BD">
        <lane id="DB_0" index="0" speed="7.57" length="4981.31" shape="4991.65,5001.65 10.35,5001.65"/>
    </edge>
    <edge id="DC" from="D" to="C" priority="3" type="CD">
        <lane id="DC_0" index="0" speed="11.90" length="4981.31" shape="5002.65,5009.35 5002.65,9990.65"/>
    </edge>
    <edge id="DE" from="D" to="E" priority="3" type="DE">
        <lane id="DE_0" index="0" speed="11.90" length="4981.31" shape="4999.35,4990.65 4999.35,9.35"/>
    </edge>
    <edge id="DG" from="D" to="G" priority="3" type="DG">
        <lane id="DG_0" index="0" speed="11.90" length="4981.31" shape="5010.35,4998.35 9991.65,4998.35"/>
    </edge>
    <edge id="DH" from="D" to="H" priority="3" type="DH">
        <lane id="DH_0" index="0" speed="13.09" length="7052.38" shape="5006.44,4992.22 9993.22,5.44"/>
    </edge>
    <edge id="EB" from="E" to="B" priority="3" type="BE">
        <lane id="EB_0" index="0" speed="10.71" length="7052.38" shape="4995.56,7.78 8.78,4994.56"/>
    </edge>
    <edge id="ED" from="E" to="D" priority="3" type="DE">
        <lane id="ED_0" index="0" speed="11.90" length="4981.31" shape="5002.65,9.35 5002.65,4990.65"/>
    </edge>
    <edge id="EH" from="E" to="H" priority="3" type="EH">
        <lane id="EH_0" index="0" speed="11.90" length="4985.90" shape="5005.75,-1.65 9991.65,-1.65"/>
    </edge>
    <edge id="FC" from="F" to="C" priority="3" type="CF">
        <lane id="FC_0" index="0" speed="7.57" length="4985.90" shape="9996.25,10001.65 5010.35,10001.65"/>
    </edge>
    <edge id="FG" from="F" to="G" priority="3" type="FG">
        <lane id="FG_0" index="0" speed="9.26" length="4985.90" shape="9999.35,9995.25 9999.35,5009.35"/>
    </edge>
    <edge id="FI" from="F" to="I" priority="3" type="FI">
        <lane id="FI_0" index="0" speed="6.41" length="4990.50" shape="10005.75,9998.35 14996.25,9998.35"/>
    </edge>
    <edge id="GC" from="G" to="C" priority="3" type="CG">
        <lane id="GC_0" index="0" speed="13.09" length="7052.38" shape="9995.56,5007.78 5008.78,9994.56"/>
    </edge>
    <edge id="GD" from="G" to="D" priority="3" type="DG">
        <lane id="GD_0" index="0" speed="11.90" length="4981.31" shape="9991.65,5001.65 5010.35,5001.65"/>
    </edge>
    <edge id="GF" from="G" to="F" priority="3" type="FG">
        <lane id="GF_0" index="0" speed="9.26" length="4985.90" shape="10002.65,5009.35 10002.65,9995.25"/>
    </edge>
    <edge id="GH" from="G" to="H" priority="3" type="GH">
        <lane id="GH_0" index="0" speed="9.26" length="4981.31" shape="9999.35,4990.65 9999.35,9.35"/>
    </edge>
    <edge id="GJ" from="G" to="J" priority="3" type="GJ">
        <lane id="GJ_0" index="0" speed="27.78" length="4985.90" shape="10010.35,4998.35 14996.25,4998.35"/>
    </edge>
    <edge id="GK" from="G" to="K" priority="3" type="GK">
        <lane id="GK_0" index="0" speed="9.06" length="7052.38" shape="10006.44,4992.22 14993.22,5.44"/>
    </edge>
    <edge id="HD" from="H" to="D" priority="3" type="DH">
        <lane id="HD_0" index="0" speed="13.09" length="7052.38" shape="9995.56,7.78 5008.78,4994.56"/>
    </edge>
    <edge id="HE" from="H" to="E" priority="3" type="EH">
        <lane id="HE_0" index="0" speed="11.90" length="4985.90" shape="9991.65,1.65 5005.75,1.65"/>
    </edge>
    <edge id="HG" from="H" to="G" priority="3" type="GH">
        <lane id="HG_0" index="0" speed="9.26" length="4981.31" shape="10002.65,9.35 10002.65,4990.65"/>
    </edge>
    <edge id="HK" from="H" to="K" priority="3" type="HK">
        <lane id="HK_0" index="0" speed="27.78" length="4985.90" shape="10005.75,-1.65 14991.65,-1.65"/>
    </edge>
    <edge id="IF" from="I" to="F" priority="3" type="FI">
        <lane id="IF_0" index="0" speed="6.41" length="4990.50" shape="14996.25,10001.65 10005.75,10001.65"/>
    </edge>
    <edge id="IJ" from="I" to="J" priority="3" type="IJ">
        <lane id="IJ_0" index="0" speed="9.26" length="4982.02" shape="14999.35,9995.25 14999.35,5013.23"/>
    </edge>
    <edge id="IL" from="I" to="L" priority="3" type="IL">
        <lane id="IL_0" index="0" speed="25.00" length="2988.01" shape="15005.75,9998.35 17993.76,9998.35"/>
    </edge>
    <edge id="JG" from="J" to="G" priority="3" type="GJ">
        <lane id="JG_0" index="0" speed="27.78" length="4985.90" shape="14996.25,5001.65 10010.35,5001.65"/>
    </edge>
    <edge id="JI" from="J" to="I" priority="3" type="IJ">
        <lane id="JI_0" index="0" speed="9.26" length="4982.02" shape="15002.65,5013.23 15002.65,9995.25"/>
    </edge>
    <edge id="JK" from="J" to="K" priority="3" type="JK">
        <lane id="JK_0" index="0" speed="9.26" length="4977.42" shape="14999.35,4986.77 14999.35,9.35"/>
    </edge>
    <edge id="JL" from="J" to="L" priority="3" type="LJ">
        <lane id="JL_0" index="0" speed="8.10" length="5810.48" shape="15009.22,5010.50 17998.69,9992.94"/>
    </edge>
    <edge id="JM" from="J" to="M" priority="3" type="JM">
        <lane id="JM_0" index="0" speed="8.10" length="5810.48" shape="15006.39,4987.80 17995.86,5.36"/>
    </edge>
    <edge id="KG" from="K" to="G" priority="3" type="GK">
        <lane id="KG_0" index="0" speed="9.06" length="7052.38" shape="14995.56,7.78 10008.78,4994.56"/>
    </edge>
    <edge id="KH" from="K" to="H" priority="3" type="HK">
        <lane id="KH_0" index="0" speed="27.78" length="4985.90" shape="14991.65,1.65 10005.75,1.65"/>
    </edge>
    <edge id="KJ" from="K" to="J" priority="3" type="JK">
        <lane id="KJ_0" index="0" speed="9.26" length="4977.42" shape="15002.65,9.35 15002.65,4986.77"/>
    </edge>
    <edge id="KM" from="K" to="M" priority="3" type="KM">
        <lane id="KM_0" index="0" speed="25.00" length="2947.25" shape="15005.75,-1.65 17953.00,-1.65"/>
    </edge>
    <edge id="LI" from="L" to="I" priority="3" type="IL">
        <lane id="LI_0" index="0" speed="25.00" length="2988.01" shape="17993.76,10001.65 15005.75,10001.65"/>
    </edge>
    <edge id="LJ" from="L" to="J" priority="3" type="LJ">
        <lane id="LJ_0" index="0" speed="8.10" length="5810.48" shape="17995.86,9994.64 15006.39,5012.20"/>
    </edge>
    <edge id="LL1" from="L" to="L1" priority="3" type="AC">
        <lane id="LL1_0" index="0" speed="16.67" length="0.20" shape="18001.40,9998.35 18001.60,9998.35"/>
    </edge>
    <edge id="MJ" from="M" to="J" priority="3" type="JM">
        <lane id="MJ_0" index="0" speed="8.10" length="5810.48" shape="17998.69,7.06 15009.22,4989.50"/>
    </edge>
    <edge id="MK" from="M" to="K" priority="3" type="KM">
        <lane id="MK_0" index="0" speed="25.00" length="2988.01" shape="17993.76,1.65 15005.75,1.65"/>
    </edge>
    <edge id="MM1" from="M" to="M1" priority="3" type="AC">
        <lane id="MM1_0" index="0" speed="16.67" length="8.24" shape="17993.76,-1.65 18002.00,-1.65"/>
    </edge>

    <junction id="A" type="allway_stop" x="1.00" y="10000.00" incLanes="CA_0 DA_0 BA_0 A1A_0" intLanes=":A_9_0 :A_1_0 :A_2_0 :A_3_0 :A_4_0 :A_5_0 :A_6_0 :A_7_0 :A_8_0" shape="0.00,9996.75 0.00,9999.95 10.35,10003.25 10.35,9996.75 9.91,9995.69 5.31,9991.09 4.25,9990.65 -2.25,9990.65">
        <request index="0" response="001001000" foes="001001000" cont="1"/>
        <request index="1" response="011111000" foes="011111000" cont="0"/>
        <request index="2" response="100100000" foes="100100000" cont="0"/>
        <request index="3" response="011100011" foes="011100011" cont="0"/>
        <request index="4" response="010000010" foes="010000010" cont="0"/>
        <request index="5" response="110001110" foes="110001110" cont="0"/>
        <request index="6" response="000001011" foes="000001011" cont="0"/>
        <request index="7" response="000111010" foes="000111010" cont="0"/>
        <request index="8" response="000100100" foes="000100100" cont="0"/>
    </junction>
    <junction id="A1" type="unregulated" x="0.00" y="10000.00" incLanes="" intLanes="" shape="-0.00,9999.95 -0.00,9996.75"/>
    <junction id="B" type="allway_stop" x="1.00" y="5000.00" incLanes="AB_0 DB_0 EB_0 B1B_0" intLanes=":B_9_0 :B_10_0 :B_2_0 :B_3_0 :B_4_0 :B_5_0 :B_6_0 :B_7_0 :B_11_0" shape="-2.25,5004.75 4.25,5004.75 10.35,5003.25 10.35,4996.75 9.91,4995.69 5.31,4991.09 0.00,4996.75 0.00,4999.95">
        <request index="0" response="111001000" foes="111001000" cont="1"/>
        <request index="1" response="110111000" foes="110111000" cont="1"/>
        <request index="2" response="100100000" foes="100100000" cont="0"/>
        <request index="3" response="011100011" foes="011100011" cont="0"/>
        <request index="4" response="010000010" foes="010000010" cont="0"/>
        <request index="5" response="110001110" foes="110001110" cont="0"/>
        <request index="6" response="000001001" foes="000001001" cont="0"/>
        <request index="7" response="000111011" foes="000111011" cont="0"/>
        <request index="8" response="000100111" foes="000100111" cont="1"/>
    </junction>
    <junction id="B1" type="unregulated" x="0.00" y="5000.00" incLanes="" intLanes="" shape="-0.00,4999.95 -0.00,4996.75"/>
    <junction id="C" type="allway_stop" x="5001.00" y="10000.00" incLanes="FC_0 GC_0 DC_0 AC_0" intLanes=":C_0_0 :C_12_0 :C_13_0 :C_3_0 :C_4_0 :C_5_0 :C_6_0 :C_7_0 :C_8_0 :C_9_0 :C_10_0 :C_11_0" shape="5010.35,10003.25 5010.35,9996.75 5009.91,9995.69 5005.31,9991.09 5004.25,9990.65 4997.75,9990.65 4996.25,9996.75 4996.25,10003.25">
        <request index="0" response="000100010000" foes="000100010000" cont="0"/>
        <request index="1" response="111100110000" foes="111100110000" cont="1"/>
        <request index="2" response="110011110000" foes="110011110000" cont="1"/>
        <request index="3" response="100010000000" foes="100010000000" cont="0"/>
        <request index="4" response="100110000111" foes="100110000111" cont="0"/>
        <request index="5" response="011110000110" foes="011110000110" cont="0"/>
        <request index="6" response="010000000100" foes="010000000100" cont="0"/>
        <request index="7" response="110000111100" foes="110000111100" cont="0"/>
        <request index="8" response="110000110011" foes="110000110011" cont="0"/>
        <request index="9" response="000000100010" foes="000000100010" cont="0"/>
        <request index="10" response="000111100110" foes="000111100110" cont="0"/>
        <request index="11" response="000110011110" foes="000110011110" cont="0"/>
    </junction>
    <junction id="D" type="allway_stop" x="5001.00" y="5000.00" incLanes="CD_0 GD_0 HD_0 ED_0 BD_0 AD_0" intLanes=":D_0_0 :D_1_0 :D_2_0 :D_3_0 :D_4_0 :D_5_0 :D_6_0 :D_7_0 :D_8_0 :D_9_0 :D_10_0 :D_11_0 :D_12_0 :D_30_0 :D_31_0 :D_15_0 :D_16_0 :D_17_0 :D_18_0 :D_19_0 :D_20_0 :D_21_0 :D_22_0 :D_23_0 :D_24_0 :D_25_0 :D_26_0 :D_27_0 :D_32_0 :D_33_0" shape="4997.75,5009.35 5004.25,5009.35 5010.35,5003.25 5010.35,4996.75 5009.91,4995.69 5005.31,4991.09 5004.25,4990.65 4997.75,4990.65 4991.65,4996.75 4991.65,5003.25 4992.09,5004.31 4996.69,5008.91">
        <request index="0" response="000001000001000001000001000000" foes="000001000001000001000001000000" cont="0"/>
        <request index="1" response="111111000011000011000011000000" foes="111111000011000011000011000000" cont="0"/>
        <request index="2" response="111100111111000111000111000000" foes="111100111111000111000111000000" cont="0"/>
        <request index="3" response="111000111000111111001111000000" foes="111000111000111111001111000000" cont="0"/>
        <request index="4" response="110000110000110000111111000000" foes="110000110000110000111111000000" cont="0"/>
        <request index="5" response="100000100000100000100000000000" foes="100000100000100000100000000000" cont="0"/>
        <request index="6" response="100001100001100001100000011111" foes="100001100001100001100000011111" cont="0"/>
        <request index="7" response="011111100011100011100000011110" foes="011111100011100011100000011110" cont="0"/>
        <request index="8" response="011100011111100111100000011100" foes="011100011111100111100000011100" cont="0"/>
        <request index="9" response="011000011000011111100000011000" foes="011000011000011111100000011000" cont="0"/>
        <request index="10" response="010000010000010000000000010000" foes="010000010000010000000000010000" cont="0"/>
        <request index="11" response="110000110000110000001111110000" foes="110000110000110000001111110000" cont="0"/>
        <request index="12" response="110001110001110000001111001111" foes="110001110001110000001111001111" cont="0"/>
        <request index="13" response="001111110011110000001110001110" foes="001111110011110000001110001110" cont="1"/>
        <request index="14" response="001100001111110000001100001100" foes="001100001111110000001100001100" cont="1"/>
        <request index="15" response="001000001000000000001000001000" foes="001000001000000000001000001000" cont="0"/>
        <request index="16" response="011000011000000111111000011000" foes="011000011000000111111000011000" cont="0"/>
        <request index="17" response="111000111000000111100111111000" foes="111000111000000111100111111000" cont="0"/>
        <request index="18" response="111001111000000111000111000111" foes="111001111000000111000111000111" cont="0"/>
        <request index="19" response="000111111000000110000110000110" foes="000111111000000110000110000110" cont="0"/>
        <request index="20" response="000100000000000100000100000100" foes="000100000000000100000100000100" cont="0"/>
        <request index="21" response="001100000011111100001100001100" foes="001100000011111100001100001100" cont="0"/>
        <request index="22" response="011100000011110011111100011100" foes="011100000011110011111100011100" cont="0"/>
        <request index="23" response="111100000011100011100011111100" foes="111100000011100011100011111100" cont="0"/>
        <request index="24" response="111100000011000011000011000011" foes="111100000011000011000011000011" cont="0"/>
        <request index="25" response="000000000010000010000010000010" foes="000000000010000010000010000010" cont="0"/>
        <request index="26" response="000001111110000110000110000110" foes="000001111110000110000110000110" cont="0"/>
        <request index="27" response="000001111001111110001110001110" foes="000001111001111110001110001110" cont="0"/>
        <request index="28" response="000001110001110001111110011110" foes="000001110001110001111110011110" cont="1"/>
        <request index="29" response="000001100001100001100001111110" foes="000001100001100001100001111110" cont="1"/>
    </junction>
    <junction id="E" type="allway_stop" x="5001.00" y="0.00" incLanes="DE_0 HE_0 BE_0" intLanes=":E_0_0 :E_6_0 :E_2_0 :E_3_0 :E_4_0 :E_5_0" shape="4997.75,9.35 5004.25,9.35 5005.75,3.25 5005.75,-3.25 4992.09,4.31 4996.69,8.91">
        <request index="0" response="001000" foes="001000" cont="0"/>
        <request index="1" response="111000" foes="111000" cont="1"/>
        <request index="2" response="100000" foes="100000" cont="0"/>
        <request index="3" response="100011" foes="100011" cont="0"/>
        <request index="4" response="000010" foes="000010" cont="0"/>
        <request index="5" response="001110" foes="001110" cont="0"/>
    </junction>
    <junction id="F" type="allway_stop" x="10001.00" y="10000.00" incLanes="IF_0 GF_0 CF_0" intLanes=":F_0_0 :F_1_0 :F_2_0 :F_3_0 :F_4_0 :F_5_0" shape="10005.75,10003.25 10005.75,9996.75 10004.25,9995.25 9997.75,9995.25 9996.25,9996.75 9996.25,10003.25">
        <request index="0" response="001000" foes="001000" cont="0"/>
        <request index="1" response="111000" foes="111000" cont="0"/>
        <request index="2" response="100000" foes="100000" cont="0"/>
        <request index="3" response="100011" foes="100011" cont="0"/>
        <request index="4" response="000010" foes="000010" cont="0"/>
        <request index="5" response="001110" foes="001110" cont="0"/>
    </junction>
    <junction id="G" type="allway_stop" x="10001.00" y="5000.00" incLanes="FG_0 JG_0 KG_0 HG_0 DG_0 CG_0" intLanes=":G_0_0 :G_1_0 :G_2_0 :G_3_0 :G_4_0 :G_5_0 :G_6_0 :G_7_0 :G_30_0 :G_31_0 :G_10_0 :G_11_0 :G_12_0 :G_13_0 :G_14_0 :G_15_0 :G_16_0 :G_17_0 :G_18_0 :G_19_0 :G_20_0 :G_21_0 :G_22_0 :G_32_0 :G_33_0 :G_25_0 :G_26_0 :G_27_0 :G_28_0 :G_29_0" shape="9997.75,5009.35 10004.25,5009.35 10010.35,5003.25 10010.35,4996.75 10009.91,4995.69 10005.31,4991.09 10004.25,4990.65 9997.75,4990.65 9991.65,4996.75 9991.65,5003.25 9992.09,5004.31 9996.69,5008.91">
        <request index="0" response="000001000001000001000001000000" foes="000001000001000001000001000000" cont="0"/>
        <request index="1" response="111111000011000011000011000000" foes="111111000011000011000011000000" cont="0"/>
        <request index="2" response="111100111111000111000111000000" foes="111100111111000111000111000000" cont="0"/>
        <request index="3" response="111000111000111111001111000000" foes="111000111000111111001111000000" cont="0"/>
        <request index="4" response="110000110000110000111111000000" foes="110000110000110000111111000000" cont="0"/>
        <request index="5" response="100000100000100000100000000000" foes="100000100000100000100000000000" cont="0"/>
        <request index="6" response="100001100001100001100000011111" foes="100001100001100001100000011111" cont="0"/>
        <request index="7" response="011111100011100011100000011110" foes="011111100011100011100000011110" cont="0"/>
        <request index="8" response="011100011111100111100000011100" foes="011100011111100111100000011100" cont="1"/>
        <request index="9" response="011000011000011111100000011000" foes="011000011000011111100000011000" cont="1"/>
        <request index="10" response="010000010000010000000000010000" foes="010000010000010000000000010000" cont="0"/>
        <request index="11" response="110000110000110000001111110000" foes="110000110000110000001111110000" cont="0"/>
        <request index="12" response="110001110001110000001111001111" foes="110001110001110000001111001111" cont="0"/>
        <request index="13" response="001111110011110000001110001110" foes="001111110011110000001110001110" cont="0"/>
        <request index="14" response="001100001111110000001100001100" foes="001100001111110000001100001100" cont="0"/>
        <request index="15" response="001000001000000000001000001000" foes="001000001000000000001000001000" cont="0"/>
        <request index="16" response="011000011000000111111000011000" foes="011000011000000111111000011000" cont="0"/>
        <request index="17" response="111000111000000111100111111000" foes="111000111000000111100111111000" cont="0"/>
        <request index="18" response="111001111000000111000111000111" foes="111001111000000111000111000111" cont="0"/>
        <request index="19" response="000111111000000110000110000110" foes="000111111000000110000110000110" cont="0"/>
        <request index="20" response="000100000000000100000100000100" foes="000100000000000100000100000100" cont="0"/>
        <request index="21" response="001100000011111100001100001100" foes="001100000011111100001100001100" cont="0"/>
        <request index="22" response="011100000011110011111100011100" foes="011100000011110011111100011100" cont="0"/>
        <request index="23" response="111100000011100011100011111100" foes="111100000011100011100011111100" cont="1"/>
        <request index="24" response="111100000011000011000011000011" foes="111100000011000011000011000011" cont="1"/>
        <request index="25" response="000000000010000010000010000010" foes="000000000010000010000010000010" cont="0"/>
        <request index="26" response="000001111110000110000110000110" foes="000001111110000110000110000110" cont="0"/>
        <request index="27" response="000001111001111110001110001110" foes="000001111001111110001110001110" cont="0"/>
        <request index="28" response="000001110001110001111110011110" foes="000001110001110001111110011110" cont="0"/>
        <request index="29" response="000001100001100001100001111110" foes="000001100001100001100001111110" cont="0"/>
    </junction>
    <junction id="H" type="allway_stop" x="10001.00" y="0.00" incLanes="GH_0 KH_0 EH_0 DH_0" intLanes=":H_0_0 :H_1_0 :H_2_0 :H_3_0 :H_4_0 :H_5_0 :H_6_0 :H_12_0 :H_13_0 :H_9_0 :H_10_0 :H_11_0" shape="9997.75,9.35 10004.25,9.35 10005.75,3.25 10005.75,-3.25 9991.65,-3.25 9991.65,3.25 9992.09,4.31 9996.69,8.91">
        <request index="0" response="000100010000" foes="000100010000" cont="0"/>
        <request index="1" response="111100110000" foes="111100110000" cont="0"/>
        <request index="2" response="110011110000" foes="110011110000" cont="0"/>
        <request index="3" response="100010000000" foes="100010000000" cont="0"/>
        <request index="4" response="100110000111" foes="100110000111" cont="0"/>
        <request index="5" response="011110000110" foes="011110000110" cont="0"/>
        <request index="6" response="010000000100" foes="010000000100" cont="0"/>
        <request index="7" response="110000111100" foes="110000111100" cont="1"/>
        <request index="8" response="110000110011" foes="110000110011" cont="1"/>
        <request index="9" response="000000100010" foes="000000100010" cont="0"/>
        <request index="10" response="000111100110" foes="000111100110" cont="0"/>
        <request index="11" response="000110011110" foes="000110011110" cont="0"/>
    </junction>
    <junction id="I" type="allway_stop" x="15001.00" y="10000.00" incLanes="LI_0 JI_0 FI_0" intLanes=":I_0_0 :I_6_0 :I_2_0 :I_3_0 :I_4_0 :I_5_0" shape="15005.75,10003.25 15005.75,9996.75 15004.25,9995.25 14997.75,9995.25 14996.25,9996.75 14996.25,10003.25">
        <request index="0" response="001000" foes="001000" cont="0"/>
        <request index="1" response="111000" foes="111000" cont="1"/>
        <request index="2" response="100000" foes="100000" cont="0"/>
        <request index="3" response="100011" foes="100011" cont="0"/>
        <request index="4" response="000010" foes="000010" cont="0"/>
        <request index="5" response="001110" foes="001110" cont="0"/>
    </junction>
    <junction id="J" type="allway_stop" x="15001.00" y="5000.00" incLanes="IJ_0 LJ_0 MJ_0 KJ_0 GJ_0" intLanes=":J_0_0 :J_1_0 :J_2_0 :J_3_0 :J_4_0 :J_5_0 :J_6_0 :J_7_0 :J_8_0 :J_9_0 :J_10_0 :J_11_0 :J_12_0 :J_13_0 :J_14_0 :J_15_0 :J_16_0 :J_17_0 :J_18_0 :J_19_0" shape="14997.75,5013.23 15004.25,5013.23 15005.02,5013.02 15010.60,5009.68 15010.60,4990.32 15005.02,4986.98 15004.25,4986.77 14997.75,4986.77 14996.25,4996.75 14996.25,5003.25">
        <request index="0" response="00001000010000100000" foes="00001000010000100000" cont="0"/>
        <request index="1" response="11111000110001100000" foes="11111000110001100000" cont="0"/>
        <request index="2" response="11100111110011100000" foes="11100111110011100000" cont="0"/>
        <request index="3" response="11000110001111100000" foes="11000110001111100000" cont="0"/>
        <request index="4" response="10000100001000000000" foes="10000100001000000000" cont="0"/>
        <request index="5" response="10001100011000001111" foes="10001100011000001111" cont="0"/>
        <request index="6" response="01111100111000001110" foes="01111100111000001110" cont="0"/>
        <request index="7" response="01100011111000001100" foes="01100011111000001100" cont="0"/>
        <request index="8" response="01000010000000001000" foes="01000010000000001000" cont="0"/>
        <request index="9" response="11000110000011111000" foes="11000110000011111000" cont="0"/>
        <request index="10" response="11001110000011100111" foes="11001110000011100111" cont="0"/>
        <request index="11" response="00111110000011000110" foes="00111110000011000110" cont="0"/>
        <request index="12" response="00100000000010000100" foes="00100000000010000100" cont="0"/>
        <request index="13" response="01100000111110001100" foes="01100000111110001100" cont="0"/>
        <request index="14" response="11100000111001111100" foes="11100000111001111100" cont="0"/>
        <request index="15" response="11100000110001100011" foes="11100000110001100011" cont="0"/>
        <request index="16" response="00000000100001000010" foes="00000000100001000010" cont="0"/>
        <request index="17" response="00001111100011000110" foes="00001111100011000110" cont="0"/>
        <request index="18" response="00001110011111001110" foes="00001110011111001110" cont="0"/>
        <request index="19" response="00001100011000111110" foes="00001100011000111110" cont="0"/>
    </junction>
    <junction id="K" type="allway_stop" x="15001.00" y="0.00" incLanes="JK_0 MK_0 HK_0 GK_0" intLanes=":K_0_0 :K_1_0 :K_2_0 :K_3_0 :K_4_0 :K_5_0 :K_6_0 :K_12_0 :K_13_0 :K_9_0 :K_10_0 :K_11_0" shape="14997.75,9.35 15004.25,9.35 15005.75,3.25 15005.75,-3.25 14991.65,-3.25 14991.65,3.25 14992.09,4.31 14996.69,8.91">
        <request index="0" response="000100010000" foes="000100010000" cont="0"/>
        <request index="1" response="111100110000" foes="111100110000" cont="0"/>
        <request index="2" response="110011110000" foes="110011110000" cont="0"/>
        <request index="3" response="100010000000" foes="100010000000" cont="0"/>
        <request index="4" response="100110000111" foes="100110000111" cont="0"/>
        <request index="5" response="011110000110" foes="011110000110" cont="0"/>
        <request index="6" response="010000000100" foes="010000000100" cont="0"/>
        <request index="7" response="110000111100" foes="110000111100" cont="1"/>
        <request index="8" response="110000110011" foes="110000110011" cont="1"/>
        <request index="9" response="000000100010" foes="000000100010" cont="0"/>
        <request index="10" response="000111100110" foes="000111100110" cont="0"/>
        <request index="11" response="000110011110" foes="000110011110" cont="0"/>
    </junction>
    <junction id="L" type="allway_stop" x="18001.00" y="10000.00" incLanes="JL_0 IL_0" intLanes=":L_0_0 :L_1_0 :L_2_0 :L_3_0" shape="18002.00,9999.95 18002.00,9996.75 18000.06,9992.12 17994.49,9995.46 17993.76,9996.75 17993.76,10003.25">
        <request index="0" response="1000" foes="1000" cont="0"/>
        <request index="1" response="1000" foes="1000" cont="0"/>
        <request index="2" response="0000" foes="0000" cont="0"/>
        <request index="3" response="0011" foes="0011" cont="0"/>
    </junction>
    <junction id="L1" type="unregulated" x="18002.00" y="10000.00" incLanes="LL1_0" intLanes="" shape="18002.00,9996.75 18002.00,9999.95"/>
    <junction id="M" type="allway_stop" x="18001.00" y="0.00" incLanes="KM_0 JM_0" intLanes=":M_0_0 :M_1_0 :M_2_0 :M_3_0" shape="17953.00,-0.05 17953.00,-3.25 17993.76,-3.25 17993.76,3.25 17994.49,4.54 18000.06,7.88">
        <request index="0" response="1000" foes="1000" cont="0"/>
        <request index="1" response="1000" foes="1000" cont="0"/>
        <request index="2" response="0000" foes="0000" cont="0"/>
        <request index="3" response="0011" foes="0011" cont="0"/>
    </junction>
    <junction id="M1" type="unregulated" x="18002.00" y="0.00" incLanes="MM1_0" intLanes="" shape="18002.00,-3.25 18002.00,-0.05"/>

    <junction id=":A_9_0" type="internal" x="0.17" y="9995.68" incLanes=":A_0_0 A1A_0" intLanes=":A_3_0 :A_6_0"/>
    <junction id=":B_9_0" type="internal" x="1.29" y="4998.66" incLanes=":B_0_0 B1B_0" intLanes=":B_3_0 :B_6_0 :B_7_0 :B_8_0"/>
    <junction id=":B_10_0" type="internal" x="2.10" y="4999.95" incLanes=":B_1_0 B1B_0" intLanes=":B_3_0 :B_4_0 :B_5_0 :B_7_0 :B_8_0"/>
    <junction id=":B_11_0" type="internal" x="1.29" y="4998.66" incLanes=":B_8_0 AB_0" intLanes=":B_0_0 :B_1_0 :B_2_0 :B_5_0"/>
    <junction id=":C_12_0" type="internal" x="5001.77" y="9998.35" incLanes=":C_1_0 AC_0" intLanes=":C_4_0 :C_5_0 :C_8_0 :C_9_0 :C_10_0 :C_11_0"/>
    <junction id=":C_13_0" type="internal" x="5002.85" y="9998.35" incLanes=":C_2_0 AC_0" intLanes=":C_4_0 :C_5_0 :C_6_0 :C_7_0 :C_10_0 :C_11_0"/>
    <junction id=":D_30_0" type="internal" x="4997.87" y="5000.79" incLanes=":D_13_0 AD_0" intLanes=":D_1_0 :D_2_0 :D_3_0 :D_7_0 :D_8_0 :D_9_0 :D_16_0 :D_17_0 :D_18_0 :D_19_0 :D_22_0 :D_23_0 :D_24_0 :D_25_0 :D_26_0 :D_27_0"/>
    <junction id=":D_31_0" type="internal" x="5001.14" y="4997.53" incLanes=":D_14_0 AD_0" intLanes=":D_2_0 :D_3_0 :D_8_0 :D_9_0 :D_16_0 :D_17_0 :D_18_0 :D_19_0 :D_20_0 :D_21_0 :D_26_0 :D_27_0"/>
    <junction id=":D_32_0" type="internal" x="5004.13" y="4999.21" incLanes=":D_28_0 HD_0" intLanes=":D_1_0 :D_2_0 :D_3_0 :D_4_0 :D_7_0 :D_8_0 :D_9_0 :D_10_0 :D_11_0 :D_12_0 :D_16_0 :D_17_0 :D_18_0 :D_22_0 :D_23_0 :D_24_0"/>
    <junction id=":D_33_0" type="internal" x="5000.86" y="5002.47" incLanes=":D_29_0 HD_0" intLanes=":D_1_0 :D_2_0 :D_3_0 :D_4_0 :D_5_0 :D_6_0 :D_11_0 :D_12_0 :D_17_0 :D_18_0 :D_23_0 :D_24_0"/>
    <junction id=":E_6_0" type="internal" x="4999.91" y="4.08" incLanes=":E_1_0 HE_0" intLanes=":E_3_0 :E_4_0 :E_5_0"/>
    <junction id=":G_30_0" type="internal" x="10001.77" y="4998.35" incLanes=":G_8_0 DG_0" intLanes=":G_2_0 :G_3_0 :G_4_0 :G_11_0 :G_12_0 :G_13_0 :G_14_0 :G_17_0 :G_18_0 :G_19_0 :G_20_0 :G_21_0 :G_22_0 :G_26_0 :G_27_0 :G_28_0"/>
    <junction id=":G_31_0" type="internal" x="10002.85" y="4998.35" incLanes=":G_9_0 DG_0" intLanes=":G_3_0 :G_4_0 :G_11_0 :G_12_0 :G_13_0 :G_14_0 :G_15_0 :G_16_0 :G_21_0 :G_22_0 :G_27_0 :G_28_0"/>
    <junction id=":G_32_0" type="internal" x="10000.23" y="5001.65" incLanes=":G_23_0 JG_0" intLanes=":G_2_0 :G_3_0 :G_4_0 :G_5_0 :G_6_0 :G_7_0 :G_11_0 :G_12_0 :G_13_0 :G_17_0 :G_18_0 :G_19_0 :G_26_0 :G_27_0 :G_28_0 :G_29_0"/>
    <junction id=":G_33_0" type="internal" x="9999.15" y="5001.65" incLanes=":G_24_0 JG_0" intLanes=":G_0_0 :G_1_0 :G_6_0 :G_7_0 :G_12_0 :G_13_0 :G_18_0 :G_19_0 :G_26_0 :G_27_0 :G_28_0 :G_29_0"/>
    <junction id=":H_12_0" type="internal" x="10000.23" y="1.65" incLanes=":H_7_0 KH_0" intLanes=":H_2_0 :H_3_0 :H_4_0 :H_5_0 :H_10_0 :H_11_0"/>
    <junction id=":H_13_0" type="internal" x="9999.15" y="1.65" incLanes=":H_8_0 KH_0" intLanes=":H_0_0 :H_1_0 :H_4_0 :H_5_0 :H_10_0 :H_11_0"/>
    <junction id=":I_6_0" type="internal" x="14999.93" y="9998.35" incLanes=":I_1_0 FI_0" intLanes=":I_3_0 :I_4_0 :I_5_0"/>
    <junction id=":K_12_0" type="internal" x="15000.23" y="1.65" incLanes=":K_7_0 MK_0" intLanes=":K_2_0 :K_3_0 :K_4_0 :K_5_0 :K_10_0 :K_11_0"/>
    <junction id=":K_13_0" type="internal" x="14999.15" y="1.65" incLanes=":K_8_0 MK_0" intLanes=":K_0_0 :K_1_0 :K_4_0 :K_5_0 :K_10_0 :K_11_0"/>

    <connection from="A1A" to="AB" fromLane="0" toLane="0" via=":A_6_0" dir="r" state="w"/>
    <connection from="A1A" to="AD" fromLane="0" toLane="0" via=":A_7_0" dir="R" state="w"/>
    <connection from="A1A" to="AC" fromLane="0" toLane="0" via=":A_8_0" dir="s" state="w"/>
    <connection from="AB" to="BE" fromLane="0" toLane="0" via=":B_0_0" dir="L" state="w"/>
    <connection from="AB" to="BD" fromLane="0" toLane="0" via=":B_1_0" dir="l" state="w"/>
    <connection from="AC" to="CD" fromLane="0" toLane="0" via=":C_9_0" dir="r" state="w"/>
    <connection from="AC" to="CG" fromLane="0" toLane="0" via=":C_10_0" dir="R" state="w"/>
    <connection from="AC" to="CF" fromLane="0" toLane="0" via=":C_11_0" dir="s" state="w"/>
    <connection from="AD" to="DB" fromLane="0" toLane="0" via=":D_25_0" dir="r" state="w"/>
    <connection from="AD" to="DE" fromLane="0" toLane="0" via=":D_26_0" dir="R" state="w"/>
    <connection from="AD" to="DH" fromLane="0" toLane="0" via=":D_27_0" dir="s" state="w"/>
    <connection from="AD" to="DG" fromLane="0" toLane="0" via=":D_28_0" dir="L" state="w"/>
    <connection from="AD" to="DC" fromLane="0" toLane="0" via=":D_29_0" dir="l" state="w"/>
    <connection from="B1B" to="BE" fromLane="0" toLane="0" via=":B_6_0" dir="r" state="w"/>
    <connection from="B1B" to="BD" fromLane="0" toLane="0" via=":B_7_0" dir="s" state="w"/>
    <connection from="B1B" to="BA" fromLane="0" toLane="0" via=":B_8_0" dir="l" state="w"/>
    <connection from="BA" to="AD" fromLane="0" toLane="0" via=":A_4_0" dir="r" state="w"/>
    <connection from="BA" to="AC" fromLane="0" toLane="0" via=":A_5_0" dir="R" state="w"/>
    <connection from="BD" to="DE" fromLane="0" toLane="0" via=":D_20_0" dir="r" state="w"/>
    <connection from="BD" to="DH" fromLane="0" toLane="0" via=":D_21_0" dir="R" state="w"/>
    <connection from="BD" to="DG" fromLane="0" toLane="0" via=":D_22_0" dir="s" state="w"/>
    <connection from="BD" to="DC" fromLane="0" toLane="0" via=":D_23_0" dir="L" state="w"/>
    <connection from="BD" to="DA" fromLane="0" toLane="0" via=":D_24_0" dir="l" state="w"/>
    <connection from="BE" to="EH" fromLane="0" toLane="0" via=":E_4_0" dir="L" state="w"/>
    <connection from="BE" to="ED" fromLane="0" toLane="0" via=":E_5_0" dir="l" state="w"/>
    <connection from="CA" to="AB" fromLane="0" toLane="0" via=":A_0_0" dir="L" state="w"/>
    <connection from="CA" to="AD" fromLane="0" toLane="0" via=":A_1_0" dir="l" state="w"/>
    <connection from="CD" to="DA" fromLane="0" toLane="0" via=":D_0_0" dir="r" state="w"/>
    <connection from="CD" to="DB" fromLane="0" toLane="0" via=":D_1_0" dir="R" state="w"/>
    <connection from="CD" to="DE" fromLane="0" toLane="0" via=":D_2_0" dir="s" state="w"/>
    <connection from="CD" to="DH" fromLane="0" toLane="0" via=":D_3_0" dir="L" state="w"/>
    <connection from="CD" to="DG" fromLane="0" toLane="0" via=":D_4_0" dir="l" state="w"/>
    <connection from="CF" to="FG" fromLane="0" toLane="0" via=":F_4_0" dir="r" state="w"/>
    <connection from="CF" to="FI" fromLane="0" toLane="0" via=":F_5_0" dir="s" state="w"/>
    <connection from="CG" to="GD" fromLane="0" toLane="0" via=":G_25_0" dir="r" state="w"/>
    <connection from="CG" to="GH" fromLane="0" toLane="0" via=":G_26_0" dir="R" state="w"/>
    <connection from="CG" to="GK" fromLane="0" toLane="0" via=":G_27_0" dir="s" state="w"/>
    <connection from="CG" to="GJ" fromLane="0" toLane="0" via=":G_28_0" dir="L" state="w"/>
    <connection from="CG" to="GF" fromLane="0" toLane="0" via=":G_29_0" dir="l" state="w"/>
    <connection from="DA" to="AC" fromLane="0" toLane="0" via=":A_2_0" dir="r" state="w"/>
    <connection from="DA" to="AB" fromLane="0" toLane="0" via=":A_3_0" dir="l" state="w"/>
    <connection from="DB" to="BA" fromLane="0" toLane="0" via=":B_2_0" dir="r" state="w"/>
    <connection from="DB" to="BE" fromLane="0" toLane="0" via=":B_3_0" dir="l" state="w"/>
    <connection from="DC" to="CG" fromLane="0" toLane="0" via=":C_6_0" dir="r" state="w"/>
    <connection from="DC" to="CF" fromLane="0" toLane="0" via=":C_7_0" dir="R" state="w"/>
    <connection from="DC" to="CA" fromLane="0" toLane="0" via=":C_8_0" dir="l" state="w"/>
    <connection from="DE" to="EB" fromLane="0" toLane="0" via=":E_0_0" dir="r" state="w"/>
    <connection from="DE" to="EH" fromLane="0" toLane="0" via=":E_1_0" dir="l" state="w"/>
    <connection from="DG" to="GH" fromLane="0" toLane="0" via=":G_20_0" dir="r" state="w"/>
    <connection from="DG" to="GK" fromLane="0" toLane="0" via=":G_21_0" dir="R" state="w"/>
    <connection from="DG" to="GJ" fromLane="0" toLane="0" via=":G_22_0" dir="s" state="w"/>
    <connection from="DG" to="GF" fromLane="0" toLane="0" via=":G_23_0" dir="L" state="w"/>
    <connection from="DG" to="GC" fromLane="0" toLane="0" via=":G_24_0" dir="l" state="w"/>
    <connection from="DH" to="HE" fromLane="0" toLane="0" via=":H_9_0" dir="r" state="w"/>
    <connection from="DH" to="HK" fromLane="0" toLane="0" via=":H_10_0" dir="L" state="w"/>
    <connection from="DH" to="HG" fromLane="0" toLane="0" via=":H_11_0" dir="l" state="w"/>
    <connection from="EB" to="BD" fromLane="0" toLane="0" via=":B_4_0" dir="r" state="w"/>
    <connection from="EB" to="BA" fromLane="0" toLane="0" via=":B_5_0" dir="R" state="w"/>
    <connection from="ED" to="DH" fromLane="0" toLane="0" via=":D_15_0" dir="r" state="w"/>
    <connection from="ED" to="DG" fromLane="0" toLane="0" via=":D_16_0" dir="R" state="w"/>
    <connection from="ED" to="DC" fromLane="0" toLane="0" via=":D_17_0" dir="s" state="w"/>
    <connection from="ED" to="DA" fromLane="0" toLane="0" via=":D_18_0" dir="L" state="w"/>
    <connection from="ED" to="DB" fromLane="0" toLane="0" via=":D_19_0" dir="l" state="w"/>
    <connection from="EH" to="HK" fromLane="0" toLane="0" via=":H_6_0" dir="s" state="w"/>
    <connection from="EH" to="HG" fromLane="0" toLane="0" via=":H_7_0" dir="L" state="w"/>
    <connection from="EH" to="HD" fromLane="0" toLane="0" via=":H_8_0" dir="l" state="w"/>
    <connection from="FC" to="CA" fromLane="0" toLane="0" via=":C_0_0" dir="s" state="w"/>
    <connection from="FC" to="CD" fromLane="0" toLane="0" via=":C_1_0" dir="L" state="w"/>
    <connection from="FC" to="CG" fromLane="0" toLane="0" via=":C_2_0" dir="l" state="w"/>
    <connection from="FG" to="GC" fromLane="0" toLane="0" via=":G_0_0" dir="r" state="w"/>
    <connection from="FG" to="GD" fromLane="0" toLane="0" via=":G_1_0" dir="R" state="w"/>
    <connection from="FG" to="GH" fromLane="0" toLane="0" via=":G_2_0" dir="s" state="w"/>
    <connection from="FG" to="GK" fromLane="0" toLane="0" via=":G_3_0" dir="L" state="w"/>
    <connection from="FG" to="GJ" fromLane="0" toLane="0" via=":G_4_0" dir="l" state="w"/>
    <connection from="FI" to="IJ" fromLane="0" toLane="0" via=":I_4_0" dir="r" state="w"/>
    <connection from="FI" to="IL" fromLane="0" toLane="0" via=":I_5_0" dir="s" state="w"/>
    <connection from="GC" to="CF" fromLane="0" toLane="0" via=":C_3_0" dir="r" state="w"/>
    <connection from="GC" to="CA" fromLane="0" toLane="0" via=":C_4_0" dir="L" state="w"/>
    <connection from="GC" to="CD" fromLane="0" toLane="0" via=":C_5_0" dir="l" state="w"/>
    <connection from="GD" to="DC" fromLane="0" toLane="0" via=":D_5_0" dir="r" state="w"/>
    <connection from="GD" to="DA" fromLane="0" toLane="0" via=":D_6_0" dir="R" state="w"/>
    <connection from="GD" to="DB" fromLane="0" toLane="0" via=":D_7_0" dir="s" state="w"/>
    <connection from="GD" to="DE" fromLane="0" toLane="0" via=":D_8_0" dir="L" state="w"/>
    <connection from="GD" to="DH" fromLane="0" toLane="0" via=":D_9_0" dir="l" state="w"/>
    <connection from="GF" to="FI" fromLane="0" toLane="0" via=":F_2_0" dir="r" state="w"/>
    <connection from="GF" to="FC" fromLane="0" toLane="0" via=":F_3_0" dir="l" state="w"/>
    <connection from="GH" to="HD" fromLane="0" toLane="0" via=":H_0_0" dir="r" state="w"/>
    <connection from="GH" to="HE" fromLane="0" toLane="0" via=":H_1_0" dir="R" state="w"/>
    <connection from="GH" to="HK" fromLane="0" toLane="0" via=":H_2_0" dir="l" state="w"/>
    <connection from="GJ" to="JK" fromLane="0" toLane="0" via=":J_16_0" dir="r" state="w"/>
    <connection from="GJ" to="JM" fromLane="0" toLane="0" via=":J_17_0" dir="R" state="w"/>
    <connection from="GJ" to="JL" fromLane="0" toLane="0" via=":J_18_0" dir="L" state="w"/>
    <connection from="GJ" to="JI" fromLane="0" toLane="0" via=":J_19_0" dir="l" state="w"/>
    <connection from="GK" to="KH" fromLane="0" toLane="0" via=":K_9_0" dir="r" state="w"/>
    <connection from="GK" to="KM" fromLane="0" toLane="0" via=":K_10_0" dir="L" state="w"/>
    <connection from="GK" to="KJ" fromLane="0" toLane="0" via=":K_11_0" dir="l" state="w"/>
    <connection from="HD" to="DG" fromLane="0" toLane="0" via=":D_10_0" dir="r" state="w"/>
    <connection from="HD" to="DC" fromLane="0" toLane="0" via=":D_11_0" dir="R" state="w"/>
    <connection from="HD" to="DA" fromLane="0" toLane="0" via=":D_12_0" dir="s" state="w"/>
    <connection from="HD" to="DB" fromLane="0" toLane="0" via=":D_13_0" dir="L" state="w"/>
    <connection from="HD" to="DE" fromLane="0" toLane="0" via=":D_14_0" dir="l" state="w"/>
    <connection from="HE" to="ED" fromLane="0" toLane="0" via=":E_2_0" dir="r" state="w"/>
    <connection from="HE" to="EB" fromLane="0" toLane="0" via=":E_3_0" dir="R" state="w"/>
    <connection from="HG" to="GK" fromLane="0" toLane="0" via=":G_15_0" dir="r" state="w"/>
    <connection from="HG" to="GJ" fromLane="0" toLane="0" via=":G_16_0" dir="R" state="w"/>
    <connection from="HG" to="GF" fromLane="0" toLane="0" via=":G_17_0" dir="s" state="w"/>
    <connection from="HG" to="GC" fromLane="0" toLane="0" via=":G_18_0" dir="L" state="w"/>
    <connection from="HG" to="GD" fromLane="0" toLane="0" via=":G_19_0" dir="l" state="w"/>
    <connection from="HK" to="KM" fromLane="0" toLane="0" via=":K_6_0" dir="s" state="w"/>
    <connection from="HK" to="KJ" fromLane="0" toLane="0" via=":K_7_0" dir="L" state="w"/>
    <connection from="HK" to="KG" fromLane="0" toLane="0" via=":K_8_0" dir="l" state="w"/>
    <connection from="IF" to="FC" fromLane="0" toLane="0" via=":F_0_0" dir="s" state="w"/>
    <connection from="IF" to="FG" fromLane="0" toLane="0" via=":F_1_0" dir="l" state="w"/>
    <connection from="IJ" to="JG" fromLane="0" toLane="0" via=":J_0_0" dir="r" state="w"/>
    <connection from="IJ" to="JK" fromLane="0" toLane="0" via=":J_1_0" dir="s" state="w"/>
    <connection from="IJ" to="JM" fromLane="0" toLane="0" via=":J_2_0" dir="s" state="w"/>
    <connection from="IJ" to="JL" fromLane="0" toLane="0" via=":J_3_0" dir="l" state="w"/>
    <connection from="IL" to="LJ" fromLane="0" toLane="0" via=":L_2_0" dir="r" state="w"/>
    <connection from="IL" to="LL1" fromLane="0" toLane="0" via=":L_3_0" dir="s" state="w"/>
    <connection from="JG" to="GF" fromLane="0" toLane="0" via=":G_5_0" dir="r" state="w"/>
    <connection from="JG" to="GC" fromLane="0" toLane="0" via=":G_6_0" dir="R" state="w"/>
    <connection from="JG" to="GD" fromLane="0" toLane="0" via=":G_7_0" dir="s" state="w"/>
    <connection from="JG" to="GH" fromLane="0" toLane="0" via=":G_8_0" dir="L" state="w"/>
    <connection from="JG" to="GK" fromLane="0" toLane="0" via=":G_9_0" dir="l" state="w"/>
    <connection from="JI" to="IL" fromLane="0" toLane="0" via=":I_2_0" dir="r" state="w"/>
    <connection from="JI" to="IF" fromLane="0" toLane="0" via=":I_3_0" dir="l" state="w"/>
    <connection from="JK" to="KG" fromLane="0" toLane="0" via=":K_0_0" dir="r" state="w"/>
    <connection from="JK" to="KH" fromLane="0" toLane="0" via=":K_1_0" dir="R" state="w"/>
    <connection from="JK" to="KM" fromLane="0" toLane="0" via=":K_2_0" dir="l" state="w"/>
    <connection from="JL" to="LL1" fromLane="0" toLane="0" via=":L_0_0" dir="r" state="w"/>
    <connection from="JL" to="LI" fromLane="0" toLane="0" via=":L_1_0" dir="l" state="w"/>
    <connection from="JM" to="MK" fromLane="0" toLane="0" via=":M_2_0" dir="r" state="w"/>
    <connection from="JM" to="MM1" fromLane="0" toLane="0" via=":M_3_0" dir="l" state="w"/>
    <connection from="KG" to="GJ" fromLane="0" toLane="0" via=":G_10_0" dir="r" state="w"/>
    <connection from="KG" to="GF" fromLane="0" toLane="0" via=":G_11_0" dir="R" state="w"/>
    <connection from="KG" to="GC" fromLane="0" toLane="0" via=":G_12_0" dir="s" state="w"/>
    <connection from="KG" to="GD" fromLane="0" toLane="0" via=":G_13_0" dir="L" state="w"/>
    <connection from="KG" to="GH" fromLane="0" toLane="0" via=":G_14_0" dir="l" state="w"/>
    <connection from="KH" to="HG" fromLane="0" toLane="0" via=":H_3_0" dir="r" state="w"/>
    <connection from="KH" to="HD" fromLane="0" toLane="0" via=":H_4_0" dir="R" state="w"/>
    <connection from="KH" to="HE" fromLane="0" toLane="0" via=":H_5_0" dir="s" state="w"/>
    <connection from="KJ" to="JM" fromLane="0" toLane="0" via=":J_12_0" dir="r" state="w"/>
    <connection from="KJ" to="JL" fromLane="0" toLane="0" via=":J_13_0" dir="s" state="w"/>
    <connection from="KJ" to="JI" fromLane="0" toLane="0" via=":J_14_0" dir="s" state="w"/>
    <connection from="KJ" to="JG" fromLane="0" toLane="0" via=":J_15_0" dir="l" state="w"/>
    <connection from="KM" to="MM1" fromLane="0" toLane="0" via=":M_0_0" dir="s" state="w"/>
    <connection from="KM" to="MJ" fromLane="0" toLane="0" via=":M_1_0" dir="l" state="w"/>
    <connection from="LI" to="IF" fromLane="0" toLane="0" via=":I_0_0" dir="s" state="w"/>
    <connection from="LI" to="IJ" fromLane="0" toLane="0" via=":I_1_0" dir="l" state="w"/>
    <connection from="LJ" to="JI" fromLane="0" toLane="0" via=":J_4_0" dir="r" state="w"/>
    <connection from="LJ" to="JG" fromLane="0" toLane="0" via=":J_5_0" dir="R" state="w"/>
    <connection from="LJ" to="JK" fromLane="0" toLane="0" via=":J_6_0" dir="s" state="w"/>
    <connection from="LJ" to="JM" fromLane="0" toLane="0" via=":J_7_0" dir="l" state="w"/>
    <connection from="MJ" to="JL" fromLane="0" toLane="0" via=":J_8_0" dir="r" state="w"/>
    <connection from="MJ" to="JI" fromLane="0" toLane="0" via=":J_9_0" dir="s" state="w"/>
    <connection from="MJ" to="JG" fromLane="0" toLane="0" via=":J_10_0" dir="L" state="w"/>
    <connection from="MJ" to="JK" fromLane="0" toLane="0" via=":J_11_0" dir="l" state="w"/>
    <connection from="MK" to="KJ" fromLane="0" toLane="0" via=":K_3_0" dir="r" state="w"/>
    <connection from="MK" to="KG" fromLane="0" toLane="0" via=":K_4_0" dir="R" state="w"/>
    <connection from="MK" to="KH" fromLane="0" toLane="0" via=":K_5_0" dir="s" state="w"/>

    <connection from=":A_0" to="AB" fromLane="0" toLane="0" via=":A_9_0" dir="s" state="M"/>
    <connection from=":A_9" to="AB" fromLane="0" toLane="0" dir="s" state="M"/>
    <connection from=":A_1" to="AD" fromLane="0" toLane="0" dir="s" state="M"/>
    <connection from=":A_2" to="AC" fromLane="0" toLane="0" dir="s" state="M"/>
    <connection from=":A_3" to="AB" fromLane="0" toLane="0" dir="s" state="M"/>
    <connection from=":A_4" to="AD" fromLane="0" toLane="0" dir="s" state="M"/>
    <connection from=":A_5" to="AC" fromLane="0" toLane="0" dir="s" state="M"/>
    <connection from=":A_6" to="AB" fromLane="0" toLane="0" dir="s" state="M"/>
    <connection from=":A_7" to="AD" fromLane="0" toLane="0" dir="s" state="M"/>
    <connection from=":A_8" to="AC" fromLane="0" toLane="0" dir="s" state="M"/>
    <connection from=":B_0" to="BE" fromLane="0" toLane="0" via=":B_9_0" dir="s" state="M"/>
    <connection from=":B_9" to="BE" fromLane="0" toLane="0" dir="s" state="M"/>
    <connection from=":B_1" to="BD" fromLane="0" toLane="0" via=":B_10_0" dir="s" state="M"/>
    <connection from=":B_10" to="BD" fromLane="0" toLane="0" dir="s" state="M"/>
    <connection from=":B_2" to="BA" fromLane="0" toLane="0" dir="s" state="M"/>
    <connection from=":B_3" to="BE" fromLane="0" toLane="0" dir="s" state="M"/>
    <connection from=":B_4" to="BD" fromLane="0" toLane="0" dir="s" state="M"/>
    <connection from=":B_5" to="BA" fromLane="0" toLane="0" dir="s" state="M"/>
    <connection from=":B_6" to="BE" fromLane="0" toLane="0" dir="s" state="M"/>
    <connection from=":B_7" to="BD" fromLane="0" toLane="0" dir="s" state="M"/>
    <connection from=":B_8" to="BA" fromLane="0" toLane="0" via=":B_11_0" dir="s" state="M"/>
    <connection from=":B_11" to="BA" fromLane="0" toLane="0" dir="s" state="M"/>
    <connection from=":C_0" to="CA" fromLane="0" toLane="0" dir="s" state="M"/>
    <connection from=":C_1" to="CD" fromLane="0" toLane="0" via=":C_12_0" dir="s" state="M"/>
    <connection from=":C_12" to="CD" fromLane="0" toLane="0" dir="s" state="M"/>
    <connection from=":C_2" to="CG" fromLane="0" toLane="0" via=":C_13_0" dir="s" state="M"/>
    <connection from=":C_13" to="CG" fromLane="0" toLane="0" dir="s" state="M"/>
    <connection from=":C_3" to="CF" fromLane="0" toLane="0" dir="s" state="M"/>
    <connection from=":C_4" to="CA" fromLane="0" toLane="0" dir="s" state="M"/>
    <connection from=":C_5" to="CD" fromLane="0" toLane="0" dir="s" state="M"/>
    <connection from=":C_6" to="CG" fromLane="0" toLane="0" dir="s" state="M"/>
    <connection from=":C_7" to="CF" fromLane="0" toLane="0" dir="s" state="M"/>
    <connection from=":C_8" to="CA" fromLane="0" toLane="0" dir="s" state="M"/>
    <connection from=":C_9" to="CD" fromLane="0" toLane="0" dir="s" state="M"/>
    <connection from=":C_10" to="CG" fromLane="0" toLane="0" dir="s" state="M"/>
    <connection from=":C_11" to="CF" fromLane="0" toLane="0" dir="s" state="M"/>
    <connection from=":D_0" to="DA" fromLane="0" toLane="0" dir="s" state="M"/>
    <connection from=":D_1" to="DB" fromLane="0" toLane="0" dir="s" state="M"/>
    <connection from=":D_2" to="DE" fromLane="0" toLane="0" dir="s" state="M"/>
    <connection from=":D_3" to="DH" fromLane="0" toLane="0" dir="s" state="M"/>
    <connection from=":D_4" to="DG" fromLane="0" toLane="0" dir="s" state="M"/>
    <connection from=":D_5" to="DC" fromLane="0" toLane="0" dir="s" state="M"/>
    <connection from=":D_6" to="DA" fromLane="0" toLane="0" dir="s" state="M"/>
    <connection from=":D_7" to="DB" fromLane="0" toLane="0" dir="s" state="M"/>
    <connection from=":D_8" to="DE" fromLane="0" toLane="0" dir="s" state="M"/>
    <connection from=":D_9" to="DH" fromLane="0" toLane="0" dir="s" state="M"/>
    <connection from=":D_10" to="DG" fromLane="0" toLane="0" dir="s" state="M"/>
    <connection from=":D_11" to="DC" fromLane="0" toLane="0" dir="s" state="M"/>
    <connection from=":D_12" to="DA" fromLane="0" toLane="0" dir="s" state="M"/>
    <connection from=":D_13" to="DB" fromLane="0" toLane="0" via=":D_30_0" dir="s" state="M"/>
    <connection from=":D_30" to="DB" fromLane="0" toLane="0" dir="s" state="M"/>
    <connection from=":D_14" to="DE" fromLane="0" toLane="0" via=":D_31_0" dir="s" state="M"/>
    <connection from=":D_31" to="DE" fromLane="0" toLane="0" dir="s" state="M"/>
    <connection from=":D_15" to="DH" fromLane="0" toLane="0" dir="s" state="M"/>
    <connection from=":D_16" to="DG" fromLane="0" toLane="0" dir="s" state="M"/>
    <connection from=":D_17" to="DC" fromLane="0" toLane="0" dir="s" state="M"/>
    <connection from=":D_18" to="DA" fromLane="0" toLane="0" dir="s" state="M"/>
    <connection from=":D_19" to="DB" fromLane="0" toLane="0" dir="s" state="M"/>
    <connection from=":D_20" to="DE" fromLane="0" toLane="0" dir="s" state="M"/>
    <connection from=":D_21" to="DH" fromLane="0" toLane="0" dir="s" state="M"/>
    <connection from=":D_22" to="DG" fromLane="0" toLane="0" dir="s" state="M"/>
    <connection from=":D_23" to="DC" fromLane="0" toLane="0" dir="s" state="M"/>
    <connection from=":D_24" to="DA" fromLane="0" toLane="0" dir="s" state="M"/>
    <connection from=":D_25" to="DB" fromLane="0" toLane="0" dir="s" state="M"/>
    <connection from=":D_26" to="DE" fromLane="0" toLane="0" dir="s" state="M"/>
    <connection from=":D_27" to="DH" fromLane="0" toLane="0" dir="s" state="M"/>
    <connection from=":D_28" to="DG" fromLane="0" toLane="0" via=":D_32_0" dir="s" state="M"/>
    <connection from=":D_32" to="DG" fromLane="0" toLane="0" dir="s" state="M"/>
    <connection from=":D_29" to="DC" fromLane="0" toLane="0" via=":D_33_0" dir="s" state="M"/>
    <connection from=":D_33" to="DC" fromLane="0" toLane="0" dir="s" state="M"/>
    <connection from=":E_0" to="EB" fromLane="0" toLane="0" dir="s" state="M"/>
    <connection from=":E_1" to="EH" fromLane="0" toLane="0" via=":E_6_0" dir="s" state="M"/>
    <connection from=":E_6" to="EH" fromLane="0" toLane="0" dir="s" state="M"/>
    <connection from=":E_2" to="ED" fromLane="0" toLane="0" dir="s" state="M"/>
    <connection from=":E_3" to="EB" fromLane="0" toLane="0" dir="s" state="M"/>
    <connection from=":E_4" to="EH" fromLane="0" toLane="0" dir="s" state="M"/>
    <connection from=":E_5" to="ED" fromLane="0" toLane="0" dir="s" state="M"/>
    <connection from=":F_0" to="FC" fromLane="0" toLane="0" dir="s" state="M"/>
    <connection from=":F_1" to="FG" fromLane="0" toLane="0" dir="s" state="M"/>
    <connection from=":F_2" to="FI" fromLane="0" toLane="0" dir="s" state="M"/>
    <connection from=":F_3" to="FC" fromLane="0" toLane="0" dir="s" state="M"/>
    <connection from=":F_4" to="FG" fromLane="0" toLane="0" dir="s" state="M"/>
    <connection from=":F_5" to="FI" fromLane="0" toLane="0" dir="s" state="M"/>
    <connection from=":G_0" to="GC" fromLane="0" toLane="0" dir="s" state="M"/>
    <connection from=":G_1" to="GD" fromLane="0" toLane="0" dir="s" state="M"/>
    <connection from=":G_2" to="GH" fromLane="0" toLane="0" dir="s" state="M"/>
    <connection from=":G_3" to="GK" fromLane="0" toLane="0" dir="s" state="M"/>
    <connection from=":G_4" to="GJ" fromLane="0" toLane="0" dir="s" state="M"/>
    <connection from=":G_5" to="GF" fromLane="0" toLane="0" dir="s" state="M"/>
    <connection from=":G_6" to="GC" fromLane="0" toLane="0" dir="s" state="M"/>
    <connection from=":G_7" to="GD" fromLane="0" toLane="0" dir="s" state="M"/>
    <connection from=":G_8" to="GH" fromLane="0" toLane="0" via=":G_30_0" dir="s" state="M"/>
    <connection from=":G_30" to="GH" fromLane="0" toLane="0" dir="s" state="M"/>
    <connection from=":G_9" to="GK" fromLane="0" toLane="0" via=":G_31_0" dir="s" state="M"/>
    <connection from=":G_31" to="GK" fromLane="0" toLane="0" dir="s" state="M"/>
    <connection from=":G_10" to="GJ" fromLane="0" toLane="0" dir="s" state="M"/>
    <connection from=":G_11" to="GF" fromLane="0" toLane="0" dir="s" state="M"/>
    <connection from=":G_12" to="GC" fromLane="0" toLane="0" dir="s" state="M"/>
    <connection from=":G_13" to="GD" fromLane="0" toLane="0" dir="s" state="M"/>
    <connection from=":G_14" to="GH" fromLane="0" toLane="0" dir="s" state="M"/>
    <connection from=":G_15" to="GK" fromLane="0" toLane="0" dir="s" state="M"/>
    <connection from=":G_16" to="GJ" fromLane="0" toLane="0" dir="s" state="M"/>
    <connection from=":G_17" to="GF" fromLane="0" toLane="0" dir="s" state="M"/>
    <connection from=":G_18" to="GC" fromLane="0" toLane="0" dir="s" state="M"/>
    <connection from=":G_19" to="GD" fromLane="0" toLane="0" dir="s" state="M"/>
    <connection from=":G_20" to="GH" fromLane="0" toLane="0" dir="s" state="M"/>
    <connection from=":G_21" to="GK" fromLane="0" toLane="0" dir="s" state="M"/>
    <connection from=":G_22" to="GJ" fromLane="0" toLane="0" dir="s" state="M"/>
    <connection from=":G_23" to="GF" fromLane="0" toLane="0" via=":G_32_0" dir="s" state="M"/>
    <connection from=":G_32" to="GF" fromLane="0" toLane="0" dir="s" state="M"/>
    <connection from=":G_24" to="GC" fromLane="0" toLane="0" via=":G_33_0" dir="s" state="M"/>
    <connection from=":G_33" to="GC" fromLane="0" toLane="0" dir="s" state="M"/>
    <connection from=":G_25" to="GD" fromLane="0" toLane="0" dir="s" state="M"/>
    <connection from=":G_26" to="GH" fromLane="0" toLane="0" dir="s" state="M"/>
    <connection from=":G_27" to="GK" fromLane="0" toLane="0" dir="s" state="M"/>
    <connection from=":G_28" to="GJ" fromLane="0" toLane="0" dir="s" state="M"/>
    <connection from=":G_29" to="GF" fromLane="0" toLane="0" dir="s" state="M"/>
    <connection from=":H_0" to="HD" fromLane="0" toLane="0" dir="s" state="M"/>
    <connection from=":H_1" to="HE" fromLane="0" toLane="0" dir="s" state="M"/>
    <connection from=":H_2" to="HK" fromLane="0" toLane="0" dir="s" state="M"/>
    <connection from=":H_3" to="HG" fromLane="0" toLane="0" dir="s" state="M"/>
    <connection from=":H_4" to="HD" fromLane="0" toLane="0" dir="s" state="M"/>
    <connection from=":H_5" to="HE" fromLane="0" toLane="0" dir="s" state="M"/>
    <connection from=":H_6" to="HK" fromLane="0" toLane="0" dir="s" state="M"/>
    <connection from=":H_7" to="HG" fromLane="0" toLane="0" via=":H_12_0" dir="s" state="M"/>
    <connection from=":H_12" to="HG" fromLane="0" toLane="0" dir="s" state="M"/>
    <connection from=":H_8" to="HD" fromLane="0" toLane="0" via=":H_13_0" dir="s" state="M"/>
    <connection from=":H_13" to="HD" fromLane="0" toLane="0" dir="s" state="M"/>
    <connection from=":H_9" to="HE" fromLane="0" toLane="0" dir="s" state="M"/>
    <connection from=":H_10" to="HK" fromLane="0" toLane="0" dir="s" state="M"/>
    <connection from=":H_11" to="HG" fromLane="0" toLane="0" dir="s" state="M"/>
    <connection from=":I_0" to="IF" fromLane="0" toLane="0" dir="s" state="M"/>
    <connection from=":I_1" to="IJ" fromLane="0" toLane="0" via=":I_6_0" dir="s" state="M"/>
    <connection from=":I_6" to="IJ" fromLane="0" toLane="0" dir="s" state="M"/>
    <connection from=":I_2" to="IL" fromLane="0" toLane="0" dir="s" state="M"/>
    <connection from=":I_3" to="IF" fromLane="0" toLane="0" dir="s" state="M"/>
    <connection from=":I_4" to="IJ" fromLane="0" toLane="0" dir="s" state="M"/>
    <connection from=":I_5" to="IL" fromLane="0" toLane="0" dir="s" state="M"/>
    <connection from=":J_0" to="JG" fromLane="0" toLane="0" dir="s" state="M"/>
    <connection from=":J_1" to="JK" fromLane="0" toLane="0" dir="s" state="M"/>
    <connection from=":J_2" to="JM" fromLane="0" toLane="0" dir="s" state="M"/>
    <connection from=":J_3" to="JL" fromLane="0" toLane="0" dir="s" state="M"/>
    <connection from=":J_4" to="JI" fromLane="0" toLane="0" dir="s" state="M"/>
    <connection from=":J_5" to="JG" fromLane="0" toLane="0" dir="s" state="M"/>
    <connection from=":J_6" to="JK" fromLane="0" toLane="0" dir="s" state="M"/>
    <connection from=":J_7" to="JM" fromLane="0" toLane="0" dir="s" state="M"/>
    <connection from=":J_8" to="JL" fromLane="0" toLane="0" dir="s" state="M"/>
    <connection from=":J_9" to="JI" fromLane="0" toLane="0" dir="s" state="M"/>
    <connection from=":J_10" to="JG" fromLane="0" toLane="0" dir="s" state="M"/>
    <connection from=":J_11" to="JK" fromLane="0" toLane="0" dir="s" state="M"/>
    <connection from=":J_12" to="JM" fromLane="0" toLane="0" dir="s" state="M"/>
    <connection from=":J_13" to="JL" fromLane="0" toLane="0" dir="s" state="M"/>
    <connection from=":J_14" to="JI" fromLane="0" toLane="0" dir="s" state="M"/>
    <connection from=":J_15" to="JG" fromLane="0" toLane="0" dir="s" state="M"/>
    <connection from=":J_16" to="JK" fromLane="0" toLane="0" dir="s" state="M"/>
    <connection from=":J_17" to="JM" fromLane="0" toLane="0" dir="s" state="M"/>
    <connection from=":J_18" to="JL" fromLane="0" toLane="0" dir="s" state="M"/>
    <connection from=":J_19" to="JI" fromLane="0" toLane="0" dir="s" state="M"/>
    <connection from=":K_0" to="KG" fromLane="0" toLane="0" dir="s" state="M"/>
    <connection from=":K_1" to="KH" fromLane="0" toLane="0" dir="s" state="M"/>
    <connection from=":K_2" to="KM" fromLane="0" toLane="0" dir="s" state="M"/>
    <connection from=":K_3" to="KJ" fromLane="0" toLane="0" dir="s" state="M"/>
    <connection from=":K_4" to="KG" fromLane="0" toLane="0" dir="s" state="M"/>
    <connection from=":K_5" to="KH" fromLane="0" toLane="0" dir="s" state="M"/>
    <connection from=":K_6" to="KM" fromLane="0" toLane="0" dir="s" state="M"/>
    <connection from=":K_7" to="KJ" fromLane="0" toLane="0" via=":K_12_0" dir="s" state="M"/>
    <connection from=":K_12" to="KJ" fromLane="0" toLane="0" dir="s" state="M"/>
    <connection from=":K_8" to="KG" fromLane="0" toLane="0" via=":K_13_0" dir="s" state="M"/>
    <connection from=":K_13" to="KG" fromLane="0" toLane="0" dir="s" state="M"/>
    <connection from=":K_9" to="KH" fromLane="0" toLane="0" dir="s" state="M"/>
    <connection from=":K_10" to="KM" fromLane="0" toLane="0" dir="s" state="M"/>
    <connection from=":K_11" to="KJ" fromLane="0" toLane="0" dir="s" state="M"/>
    <connection from=":L_0" to="LL1" fromLane="0" toLane="0" dir="s" state="M"/>
    <connection from=":L_1" to="LI" fromLane="0" toLane="0" dir="s" state="M"/>
    <connection from=":L_2" to="LJ" fromLane="0" toLane="0" dir="s" state="M"/>
    <connection from=":L_3" to="LL1" fromLane="0" toLane="0" dir="s" state="M"/>
    <connection from=":M_0" to="MM1" fromLane="0" toLane="0" dir="s" state="M"/>
    <connection from=":M_1" to="MJ" fromLane="0" toLane="0" dir="s" state="M"/>
    <connection from=":M_2" to="MK" fromLane="0" toLane="0" dir="s" state="M"/>
    <connection from=":M_3" to="MM1" fromLane="0" toLane="0" dir="s" state="M"/>

</net>
